<?xml version="1.0" encoding="UTF-8" standalone="yes"?>
<jbi xmlns="http://java.sun.com/xml/ns/jbi" xmlns:ns1="http://localhost/SynchronousSample/SynchronousSample" xmlns:ns2="http://enterprise.netbeans.org/bpel/SynchronousSample/SynchronousSample_1" version="1.0">
<service-assembly>
<identification>
<name>SynchronousSampleApplication</name>
<description>Represents this Service Assembly</description>
</identification>
<connections>
<connection>
<consumer endpoint-name="port1" service-name="ns1:service1"/>
<provider endpoint-name="partnerlinktyperole1_myRole" service-name="ns2:SynchronousSample"/>
</connection>
</connections>
</service-assembly>
</jbi>
