<?xml version="1.0" encoding="UTF-8" standalone="yes"?>
<jbi xmlns="http://java.sun.com/xml/ns/jbi" xmlns:ns1="http://localhost/SynchronousSample/SynchronousSample" xmlns:ns2="http://enterprise.netbeans.org/bpel/SynchronousSample/SynchronousSample_1" xmlns:xsi="http://www.w3.org/2001/XMLSchema-instance" version="1.0" xsi:schemaLocation="http://java.sun.com/xml/ns/jbi ./jbi.xsd">
<service-assembly>
<identification>
<name>SynchronousSampleApplication</name>
<description>Represents this Service Assembly</description>
</identification>
<service-unit>
<identification>
<name>SynchronousSampleApplication-SynchronousSample</name>
<description>This represents the Application Service Unit</description>
</identification>
<target>
<artifacts-zip>SynchronousSample.jar</artifacts-zip>
<component-name>com.sun.bpelse-1.0-2</component-name>
</target>
</service-unit>
<service-unit>
<identification>
<name>SynchronousSampleApplication-com.sun.httpsoapbc-1.0-2</name>
<description>This represents the Application Service Unit</description>
</identification>
<target>
<artifacts-zip>com.sun.httpsoapbc-1.0-2.jar</artifacts-zip>
<component-name>com.sun.httpsoapbc-1.0-2</component-name>
</target>
</service-unit>
<connections>
<connection>
<consumer endpoint-name="port1" service-name="ns1:service1"/>
<provider endpoint-name="partnerlinktyperole1_myRole" service-name="ns2:SynchronousSample"/>
</connection>
</connections>
</service-assembly>
</jbi>
