<?xml version="1.0" encoding="UTF-8"?>
<beans xmlns="http://www.springframework.org/schema/beans"
       xmlns:xsi="http://www.w3.org/2001/XMLSchema-instance"
       xmlns:context="http://www.springframework.org/schema/context"
       xmlns:mvc="http://www.springframework.org/schema/mvc"
       xsi:schemaLocation="http://www.springframework.org/schema/beans
       http://www.springframework.org/schema/beans/spring-beans-3.0.xsd
       http://www.springframework.org/schema/context
       http://www.springframework.org/schema/context/spring-context-3.0.xsd
       http://www.springframework.org/schema/mvc
       http://www.springframework.org/schema/mvc/spring-mvc-3.0.xsd">


    <context:component-scan base-package="es.ua.jtech.spring.mvc"/>
    <mvc:annotation-driven/>

    <bean id="viewResolver"
      class="org.springframework.web.servlet.view.InternalResourceViewResolver">
        <property name="prefix" value="WEB-INF/views/"/>
        <property name="suffix" value=".jsp"/>
        
    </bean>

    <!-- internacionalización -->
    <mvc:interceptors>
        <bean class="org.springframework.web.servlet.i18n.LocaleChangeInterceptor" />
    </mvc:interceptors>

    <bean id="localeResolver" class="org.springframework.web.servlet.i18n.CookieLocaleResolver" />

    <bean id="messageSource"
     class="org.springframework.context.support.ResourceBundleMessageSource">
        <property name="basename" value="mensajes"/>
    </bean>
</beans>