<?xml version="1.0" encoding="UTF-8"?>
<!--
 The contents of this file are subject to the terms of the Common Development
 and Distribution License (the License). You may not use this file except in
 compliance with the License.
 
 You can obtain a copy of the License at http://www.netbeans.org/cddl.html
 or http://www.netbeans.org/cddl.txt.
 
 When distributing Covered Code, include this CDDL Header Notice in each file
 and include the License file at http://www.netbeans.org/cddl.txt.
 If applicable, add the following below the CDDL Header, with the fields
 enclosed by brackets [] replaced by your own identifying information:
 "Portions Copyrighted [year] [name of copyright owner]"
 
 The Original Software is NetBeans. The Initial Developer of the Original
 Software is Sun Microsystems, Inc. Portions Copyright 1997-2007 Sun
 Microsystems, Inc. All Rights Reserved.
-->
<project xmlns="http://www.netbeans.org/ns/project/1">
    <type>org.netbeans.modules.bpel.project</type>
    <configuration>
        <data xmlns="http://www.netbeans.org/ns/j2ee-bpelpro/1">
            <name>SynchronousSample</name>
            <minimum-ant-version>1.6</minimum-ant-version>
        </data>
    </configuration>
</project>
