<?xml version="1.0" encoding="UTF-8"?>
<!DOCTYPE application PUBLIC '-//Sun Microsystems, Inc.//DTD J2EE Application 1.2//EN' 'http://java.sun.com/j2ee/dtds/application_1_2.dtd'>
<application>
  <display-name>OrderCMPApp</display-name>
  <description>Application description</description>
  <module>
    <ejb>ejb-jar-ic.jar</ejb>
  </module>
  <module>
    <ejb>ejb-jar-ic1.jar</ejb>
  </module>
  <module>
    <web>
      <web-uri>war-ic.war</web-uri>
      <context-root>shopping</context-root>
    </web>
  </module>
  <module>
    <ejb>ejb-jar-ic13.jar</ejb>
  </module>
</application>
