<?xml version="1.0" encoding="UTF-8"?>
<jax-ws xmlns="http://www.netbeans.org/ns/jax-ws/1">
  <services/>
  <clients>
    <client name="HolaMundoSW">
      <wsdl-url>http://jtech.ua.es/HolaMundo/wsdl/HolaMundoSW.wsdl</wsdl-url>
      <local-wsdl-file>jtech.ua.es/HolaMundo/wsdl/HolaMundoSW.wsdl</local-wsdl-file>
      <package-name forceReplace="true">es.ua.jtech.servcweb.sesion1.hola.stub</package-name>
      <catalog-file>catalog.xml</catalog-file>
    </client>
  </clients>
  <jsr109>false</jsr109>
</jax-ws>
