<?xml version="1.0" encoding="UTF-8"?>
<!DOCTYPE ejb-jar PUBLIC '-//Sun Microsystems, Inc.//DTD Enterprise JavaBeans 1.1//EN' 'http://java.sun.com/j2ee/dtds/ejb-jar_1_1.dtd'>


<!-- Generated XML! -->

<ejb-jar>
  <display-name>Hello World</display-name>
  <enterprise-beans>
    <session>
      <description><![CDATA[Hello World EJB]]></description>
      <display-name>HelloWorld</display-name>
      <ejb-name>HelloWorld</ejb-name>
      <home>HelloWorldSLBean.HelloWorldHome</home>
      <remote>HelloWorldSLBean.HelloWorld</remote>
      <ejb-class>HelloWorldSLBean.HelloWorldBean</ejb-class>
      <session-type>Stateless</session-type>
      <transaction-type>Container</transaction-type>
    </session>
  </enterprise-beans>

</ejb-jar>
