<?xml version="1.0" encoding="UTF-8" standalone="no"?>
<component-info-list>
    <component-info>
        <description>File Binding</description>
        <name>com.sun.filebc-1.0-2</name>
        <state>Installed</state>
        <type>Binding</type>
        <namespace>http://schemas.sun.com/jbi/wsdl-extensions/file/</namespace>
    </component-info>
    <component-info>
        <description>FTP Soap Binding to do FTP operations or send SOAP messages e.g. to and from BPEL service engine.</description>
        <name>com.sun.ftpbc-1.0-2</name>
        <state>Installed</state>
        <type>Binding</type>
        <namespace>http://schemas.sun.com/jbi/wsdl-extensions/ftp/</namespace>
    </component-info>
    <component-info>
        <description>HL7 Binding</description>
        <name>com.sun.hl7bc-1.0-2</name>
        <state>Installed</state>
        <type>Binding</type>
        <namespace>http://schemas.sun.com/jbi/wsdl-extensions/hl7/</namespace>
    </component-info>
    <component-info>
        <description>HTTP Soap Binding to send SOAP messages e.g. to and from BPEL service engine.</description>
        <name>com.sun.httpsoapbc-1.0-2</name>
        <state>Installed</state>
        <type>Binding</type>
        <namespace>http://schemas.xmlsoap.org/wsdl/http/</namespace>
        <namespace>http://schemas.xmlsoap.org/wsdl/soap/</namespace>
    </component-info>
    <component-info>
        <description>JMS Binding</description>
        <name>com.sun.jmsbc-1.0-2</name>
        <state>Installed</state>
        <type>Binding</type>
        <namespace>http://schemas.sun.com/jbi/wsdl-extensions/jms/</namespace>
    </component-info>
    <component-info>
        <description>MQ Binding</description>
        <name>com.sun.mqbc-1.0-2</name>
        <state>Installed</state>
        <type>Binding</type>
        <namespace>http://schemas.sun.com/jbi/wsdl-extensions/mq/</namespace>
    </component-info>
    <component-info>
        <description>MSMQ Binding</description>
        <name>com.sun.msmqbc-1.0-2</name>
        <state>Installed</state>
        <type>Binding</type>
        <namespace>http://schemas.sun.com/jbi/wsdl-extensions/msmq/</namespace>
    </component-info>
    <component-info>
        <description>SAP Binding</description>
        <name>com.sun.sapbc-1.0-2</name>
        <state>Installed</state>
        <type>Binding</type>
        <namespace>http://schemas.sun.com/jbi/wsdl-extensions/sap/</namespace>
    </component-info>
    <component-info>
        <description>SMTP Binding</description>
        <name>com.sun.smtpbc-1.0-2</name>
        <state>Installed</state>
        <type>Binding</type>
        <namespace>http://schemas.sun.com/jbi/wsdl-extensions/smtp/</namespace>
    </component-info>
    <component-info>
        <description>JDBC binding</description>
        <name>com.sun.jdbcbc-1.0-2</name>
        <state>Installed</state>
        <type>Binding</type>
        <namespace>http://schemas.sun.com/jbi/wsdl-extensions/jdbc/</namespace>
    </component-info>
</component-info-list>
