<?xml version="1.0" encoding="UTF-8" standalone="no"?>
<component-info-list>
    <component-info>
        <description>File Binding</description>
        <name>com.sun.filebc-1.0-2</name>
        <state>Installed</state>
        <type>Binding</type>
    </component-info>
    <component-info>
        <description>FTP Soap Binding to do FTP operations or send SOAP messages e.g. to and from BPEL service engine.</description>
        <name>com.sun.ftpbc-1.0-2</name>
        <state>Installed</state>
        <type>Binding</type>
    </component-info>
    <component-info>
        <description>HL7 Binding</description>
        <name>com.sun.hl7bc-1.0-2</name>
        <state>Installed</state>
        <type>Binding</type>
    </component-info>
    <component-info>
        <description>HTTP Soap Binding to send SOAP messages e.g. to and from BPEL service engine.</description>
        <name>com.sun.httpsoapbc-1.0-2</name>
        <state>Installed</state>
        <type>Binding</type>
    </component-info>
    <component-info>
        <description>JMS Binding</description>
        <name>com.sun.jmsbc-1.0-2</name>
        <state>Installed</state>
        <type>Binding</type>
    </component-info>
    <component-info>
        <description>MQ Binding</description>
        <name>com.sun.mqbc-1.0-2</name>
        <state>Installed</state>
        <type>Binding</type>
    </component-info>
    <component-info>
        <description>MSMQ Binding</description>
        <name>com.sun.msmqbc-1.0-2</name>
        <state>Installed</state>
        <type>Binding</type>
    </component-info>
    <component-info>
        <description>SAP Binding</description>
        <name>com.sun.sapbc-1.0-2</name>
        <state>Installed</state>
        <type>Binding</type>
    </component-info>
    <component-info>
        <description>SMTP Binding</description>
        <name>com.sun.smtpbc-1.0-2</name>
        <state>Installed</state>
        <type>Binding</type>
    </component-info>
    <component-info>
        <description>This is a bpel service engine.</description>
        <name>com.sun.bpelse-1.0-2</name>
        <state>Installed</state>
        <type>Engine</type>
    </component-info>
    <component-info>
        <description>This is a iep service engine.</description>
        <name>com.sun.iepse-1.0-2</name>
        <state>Installed</state>
        <type>Engine</type>
    </component-info>
    <component-info>
        <description>Java EE service engine.</description>
        <name>JavaEEServiceEngine</name>
        <state>Installed</state>
        <type>Engine</type>
    </component-info>
    <component-info>
        <description>JDBC binding</description>
        <name>com.sun.jdbcbc-1.0-2</name>
        <state>Installed</state>
        <type>Binding</type>
    </component-info>
    <component-info>
        <description>This is a sql service engine.</description>
        <name>com.sun.sqlse-1.0-2</name>
        <state>Installed</state>
        <type>Engine</type>
    </component-info>
    <component-info>
        <description>This is a xslt service engine.</description>
        <name>com.sun.xsltse-1.0-2</name>
        <state>Installed</state>
        <type>Engine</type>
    </component-info>
</component-info-list>
