<?xml version="1.0" encoding="UTF-8" standalone="yes"?>
<jbi xmlns="http://java.sun.com/xml/ns/jbi" xmlns:ns1="http://j2ee.netbeans.org/wsdl/HelloWorldProcessWSDL" xmlns:ns2="http://enterprise.netbeans.org/bpel/HelloWorldProcess" version="1.0">
<service-assembly>
<identification>
<name>HelloWorldSampleCompApp</name>
<description>Represents the Service Assembly of HelloWorldSampleCompApp</description>
</identification>
<connections>
<connection>
<consumer endpoint-name="HelloWorldProcessWSDLPort" service-name="ns1:HelloWorldProcessWSDLService"/>
<provider endpoint-name="ProcessRole_myRole" service-name="ns2:ProcessInterface"/>
</connection>
</connections>
</service-assembly>
</jbi>
