<?xml version="1.0" encoding="UTF-8" standalone="yes"?>
<jbi xmlns="http://java.sun.com/xml/ns/jbi" xmlns:ns1="http://j2ee.netbeans.org/wsdl/HelloWorldProcessWSDL" xmlns:ns2="http://enterprise.netbeans.org/bpel/HelloWorldProcess" xmlns:xsi="http://www.w3.org/2001/XMLSchema-instance" version="1.0" xsi:schemaLocation="http://java.sun.com/xml/ns/jbi ./jbi.xsd">
    <service-assembly>
        <identification>
            <name>HelloWorldSampleCompApp</name>
            <description>Represents the Service Assembly of HelloWorldSampleCompApp</description>
        </identification>
        <service-unit>
            <identification>
                <name>HelloWorldSampleCompApp-HelloWorldSample</name>
                <description>Represents this Service Unit</description>
            </identification>
            <target>
                <artifacts-zip>HelloWorldSample.jar</artifacts-zip>
                <component-name>com.sun.bpelse-1.0-2</component-name>
            </target>
        </service-unit>
        
        
        
        <service-unit>
            <identification>
                <name>HelloWorldSampleCompApp-com.sun.httpsoapbc-1.0-2</name>
                <description>Represents this Service Unit</description>
            </identification>
            <target>
                <artifacts-zip>com.sun.httpsoapbc-1.0-2.jar</artifacts-zip>
                <component-name>com.sun.httpsoapbc-1.0-2</component-name>
            </target>
        </service-unit>
        
        
        
        
        
        
    <connections>
<connection>
<consumer endpoint-name="HelloWorldProcessWSDLPort" service-name="ns1:HelloWorldProcessWSDLService"/>
<provider endpoint-name="ProcessRole_myRole" service-name="ns2:ProcessInterface"/>
</connection>
</connections>
</service-assembly>
</jbi>
