<?xml version="1.0" encoding="UTF-8"?>
<wls:weblogic-application xmlns:xsi="http://www.w3.org/2001/XMLSchema-instance" xmlns:wls="http://www.bea.com/ns/weblogic/90" xsi:schemaLocation="http://java.sun.com/xml/ns/j2ee http://java.sun.com/xml/ns/j2ee/j2ee_1_4.xsd http://www.bea.com/ns/weblogic/90 http://www.bea.com/ns/weblogic/90/weblogic-application.xsd">
  <wls:application-param>
    <wls:param-name>webapp.encoding.default</wls:param-name>
    <wls:param-value>UTF-8</wls:param-value>
  </wls:application-param>
  <wls:library-ref>
    <wls:library-name>wls-commonslogging-bridge</wls:library-name>
    <wls:specification-version>1.0</wls:specification-version>
    <wls:implementation-version>1.0</wls:implementation-version>
  </wls:library-ref>
  <wls:library-ref>
    <wls:library-name>beehive-controls-1.0</wls:library-name>
    <wls:specification-version>1.0</wls:specification-version>
    <wls:implementation-version>1.0</wls:implementation-version>
  </wls:library-ref>
  <wls:library-ref>
    <wls:library-name>weblogic-controls-1.0</wls:library-name>
    <wls:specification-version>1.0</wls:specification-version>
    <wls:implementation-version>1.0</wls:implementation-version>
  </wls:library-ref>
</wls:weblogic-application>