<?xml version="1.0" encoding="UTF-8"?>
<wls:weblogic-web-app xmlns:xsi="http://www.w3.org/2001/XMLSchema-instance" xmlns:wls="http://www.bea.com/ns/weblogic/90" xsi:schemaLocation="http://java.sun.com/xml/ns/j2ee http://java.sun.com/xml/ns/j2ee/web-app_2_4.xsd http://www.bea.com/ns/weblogic/90 http://www.bea.com/ns/weblogic/90/weblogic-web-app.xsd">
  <wls:context-root>servcweb-sesion02-dni</wls:context-root>
  <wls:library-ref>
    <wls:library-name>wls-commonslogging-bridge-war</wls:library-name>
    <wls:specification-version>1.0</wls:specification-version>
    <wls:implementation-version>1.0</wls:implementation-version>
  </wls:library-ref>
  <wls:library-ref>
    <wls:library-name>beehive-controls-1.0-war</wls:library-name>
    <wls:specification-version>1.0</wls:specification-version>
    <wls:implementation-version>1.0</wls:implementation-version>
  </wls:library-ref>
  <wls:library-ref>
    <wls:library-name>weblogic-controls-1.0-war</wls:library-name>
    <wls:specification-version>1.0</wls:specification-version>
    <wls:implementation-version>1.0</wls:implementation-version>
  </wls:library-ref>
</wls:weblogic-web-app>