<?xml version="1.0" encoding="UTF-8" standalone="yes"?>
<jbi xmlns="http://java.sun.com/xml/ns/jbi" xmlns:xsi="http://www.w3.org/2001/XMLSchema-instance" version="1.0" xsi:schemaLocation="http://java.sun.com/xml/ns/jbi ./jbi.xsd">
<service-assembly>
<identification>
<name>OrdenCompraSincronaApplication</name>
<description>Represents the Service Assembly of OrdenCompraSincronaApplication</description>
</identification>
<service-unit>
<identification>
<name>OrdenCompraSincronaApplication-OrdenCompraSincrona</name>
<description>Represents this Service Unit</description>
</identification>
<target>
<artifacts-zip>OrdenCompraSincrona.jar</artifacts-zip>
<component-name>com.sun.bpelse-1.0-2</component-name>
</target>
</service-unit>
<service-unit>
<identification>
<name>OrdenCompraSincronaApplication-com.sun.filebc-1.0-2</name>
<description>Represents this Service Unit</description>
</identification>
<target>
<artifacts-zip>com.sun.filebc-1.0-2.jar</artifacts-zip>
<component-name>com.sun.filebc-1.0-2</component-name>
</target>
</service-unit>
<service-unit>
<identification>
<name>OrdenCompraSincronaApplication-com.sun.ftpbc-1.0-2</name>
<description>Represents this Service Unit</description>
</identification>
<target>
<artifacts-zip>com.sun.ftpbc-1.0-2.jar</artifacts-zip>
<component-name>com.sun.ftpbc-1.0-2</component-name>
</target>
</service-unit>
<service-unit>
<identification>
<name>OrdenCompraSincronaApplication-com.sun.hl7bc-1.0-2</name>
<description>Represents this Service Unit</description>
</identification>
<target>
<artifacts-zip>com.sun.hl7bc-1.0-2.jar</artifacts-zip>
<component-name>com.sun.hl7bc-1.0-2</component-name>
</target>
</service-unit>
<service-unit>
<identification>
<name>OrdenCompraSincronaApplication-com.sun.httpsoapbc-1.0-2</name>
<description>Represents this Service Unit</description>
</identification>
<target>
<artifacts-zip>com.sun.httpsoapbc-1.0-2.jar</artifacts-zip>
<component-name>com.sun.httpsoapbc-1.0-2</component-name>
</target>
</service-unit>
<service-unit>
<identification>
<name>OrdenCompraSincronaApplication-com.sun.jdbcbc-1.0-2</name>
<description>Represents this Service Unit</description>
</identification>
<target>
<artifacts-zip>com.sun.jdbcbc-1.0-2.jar</artifacts-zip>
<component-name>com.sun.jdbcbc-1.0-2</component-name>
</target>
</service-unit>
<service-unit>
<identification>
<name>OrdenCompraSincronaApplication-com.sun.jmsbc-1.0-2</name>
<description>Represents this Service Unit</description>
</identification>
<target>
<artifacts-zip>com.sun.jmsbc-1.0-2.jar</artifacts-zip>
<component-name>com.sun.jmsbc-1.0-2</component-name>
</target>
</service-unit>
<service-unit>
<identification>
<name>OrdenCompraSincronaApplication-com.sun.mqbc-1.0-2</name>
<description>Represents this Service Unit</description>
</identification>
<target>
<artifacts-zip>com.sun.mqbc-1.0-2.jar</artifacts-zip>
<component-name>com.sun.mqbc-1.0-2</component-name>
</target>
</service-unit>
<service-unit>
<identification>
<name>OrdenCompraSincronaApplication-com.sun.msmqbc-1.0-2</name>
<description>Represents this Service Unit</description>
</identification>
<target>
<artifacts-zip>com.sun.msmqbc-1.0-2.jar</artifacts-zip>
<component-name>com.sun.msmqbc-1.0-2</component-name>
</target>
</service-unit>
<service-unit>
<identification>
<name>OrdenCompraSincronaApplication-com.sun.sapbc-1.0-2</name>
<description>Represents this Service Unit</description>
</identification>
<target>
<artifacts-zip>com.sun.sapbc-1.0-2.jar</artifacts-zip>
<component-name>com.sun.sapbc-1.0-2</component-name>
</target>
</service-unit>
<service-unit>
<identification>
<name>OrdenCompraSincronaApplication-com.sun.smtpbc-1.0-2</name>
<description>Represents this Service Unit</description>
</identification>
<target>
<artifacts-zip>com.sun.smtpbc-1.0-2.jar</artifacts-zip>
<component-name>com.sun.smtpbc-1.0-2</component-name>
</target>
</service-unit>
</service-assembly>
</jbi>
