<?xml version="1.0" encoding="UTF-8" standalone="yes"?>
<jbi xmlns="http://java.sun.com/xml/ns/jbi" xmlns:ns1="http://enterprise.netbeans.org/bpel/wsdl/inventory/bp1" xmlns:ns2="http://enterprise.netbeans.org/bpel/POService" xmlns:ns3="http://enterprise.netbeans.org/bpel/wsdl/purchase/bp1" version="1.0">
<service-assembly>
<identification>
<name>OrdenCompraSincronaApplication</name>
<description>Represents the Service Assembly of OrdenCompraSincronaApplication</description>
</identification>
<connections>
<connection>
<consumer endpoint-name="inventoryServicePort" service-name="ns1:inventoryService"/>
<provider endpoint-name="inventoryService_myRole" service-name="ns1:inventorySevicePLink"/>
</connection>
<connection>
<consumer endpoint-name="inventoryService_partnerRole" service-name="ns2:requestInventoryPLink"/>
<provider endpoint-name="inventoryService_myRole" service-name="ns1:inventorySevicePLink"/>
</connection>
<connection>
<consumer endpoint-name="purchaseOrderPort" service-name="ns3:purchaseOrderService"/>
<provider endpoint-name="purchaseService_myRole" service-name="ns2:Cliente"/>
</connection>
</connections>
</service-assembly>
</jbi>
