<?xml version="1.0" encoding="UTF-8" standalone="yes"?>
<jbi xmlns="http://java.sun.com/xml/ns/jbi" xmlns:ns1="http://enterprise.netbeans.org/bpel/wsdl/inventory/bp1" xmlns:ns2="http://enterprise.netbeans.org/bpel/POService" xmlns:ns3="http://enterprise.netbeans.org/bpel/wsdl/purchase/bp1" xmlns:xsi="http://www.w3.org/2001/XMLSchema-instance" version="1.0" xsi:schemaLocation="http://java.sun.com/xml/ns/jbi ./jbi.xsd">
<service-assembly>
<identification>
<name>OrdenCompraSincronaApplication</name>
<description>Represents the Service Assembly of OrdenCompraSincronaApplication</description>
</identification>
<service-unit>
<identification>
<name>OrdenCompraSincronaApplication-OrdenCompraSincrona</name>
<description>Represents this Service Unit</description>
</identification>
<target>
<artifacts-zip>OrdenCompraSincrona.jar</artifacts-zip>
<component-name>com.sun.bpelse-1.0-2</component-name>
</target>
</service-unit>



<service-unit>
<identification>
<name>OrdenCompraSincronaApplication-com.sun.httpsoapbc-1.0-2</name>
<description>Represents this Service Unit</description>
</identification>
<target>
<artifacts-zip>com.sun.httpsoapbc-1.0-2.jar</artifacts-zip>
<component-name>com.sun.httpsoapbc-1.0-2</component-name>
</target>
</service-unit>






<connections>
<connection>
<consumer endpoint-name="inventoryServicePort" service-name="ns1:inventoryService"/>
<provider endpoint-name="inventoryService_myRole" service-name="ns1:inventorySevicePLink"/>
</connection>
<connection>
<consumer endpoint-name="inventoryService_partnerRole" service-name="ns2:requestInventoryPLink"/>
<provider endpoint-name="inventoryService_myRole" service-name="ns1:inventorySevicePLink"/>
</connection>
<connection>
<consumer endpoint-name="purchaseOrderPort" service-name="ns3:purchaseOrderService"/>
<provider endpoint-name="purchaseService_myRole" service-name="ns2:Cliente"/>
</connection>
</connections>
</service-assembly>
</jbi>
