<?xml version="1.0" encoding="UTF-8"?>
<!DOCTYPE ejb-jar PUBLIC '-//Sun Microsystems, Inc.//DTD Enterprise JavaBeans 2.0//EN' 'http://java.sun.com/dtd/ejb-jar_2_0.dtd'>


<!-- Generated XML! -->

<ejb-jar>
  <display-name>OrderCMP</display-name>
  <enterprise-beans>
    <session>
      <display-name>CustomerSessionBean</display-name>
      <ejb-name>CustomerSessionBean</ejb-name>
      <home>CustomerSessionHome</home>
      <remote>CustomerSession</remote>
      <ejb-class>CustomerSessionBean</ejb-class>
      <session-type>Stateless</session-type>
      <transaction-type>Container</transaction-type>
      <ejb-local-ref>
        <ejb-ref-name>ejb/Customer</ejb-ref-name>
        <ejb-ref-type>Entity</ejb-ref-type>
        <local-home>CustomerLocalHome</local-home>
        <local>CustomerLocal</local>
        <ejb-link>CustomerBean</ejb-link>
      </ejb-local-ref>
      <ejb-local-ref>
        <ejb-ref-name>ejb/Order</ejb-ref-name>
        <ejb-ref-type>Entity</ejb-ref-type>
        <local-home>OrderLocalHome</local-home>
        <local>OrderLocal</local>
        <ejb-link>OrderBean</ejb-link>
      </ejb-local-ref>
      <ejb-local-ref>
        <ejb-ref-name>ejb/LineItem</ejb-ref-name>
        <ejb-ref-type>Entity</ejb-ref-type>
        <local-home>LineItemLocalHome</local-home>
        <local>LineItemLocal</local>
        <ejb-link>LineItemBean</ejb-link>
      </ejb-local-ref>
      <security-identity>
        <use-caller-identity/>
      </security-identity>

    </session>
    <entity>
      <display-name>OrderBean</display-name>
      <ejb-name>OrderBean</ejb-name>
      <local-home>OrderLocalHome</local-home>
      <local>OrderLocal</local>
      <ejb-class>OrderBean</ejb-class>
      <persistence-type>Container</persistence-type>
      <prim-key-class>java.lang.String</prim-key-class>
      <reentrant>False</reentrant>
      <cmp-version>2.x</cmp-version>
      <abstract-schema-name>orderEJB</abstract-schema-name>
      <cmp-field>
        <description><![CDATA[no description]]></description>
        <field-name>orderDate</field-name>
      </cmp-field>
      <cmp-field>
        <description><![CDATA[no description]]></description>
        <field-name>shipDate</field-name>
      </cmp-field>
      <cmp-field>
        <description><![CDATA[no description]]></description>
        <field-name>orderStatus</field-name>
      </cmp-field>
      <cmp-field>
        <description><![CDATA[no description]]></description>
        <field-name>totalAmount</field-name>
      </cmp-field>
      <cmp-field>
        <description><![CDATA[no description]]></description>
        <field-name>orderID</field-name>
      </cmp-field>
      <primkey-field>orderID</primkey-field>
      <security-identity>
        <use-caller-identity/>
      </security-identity>

      <query>
        <query-method>
          <method-name>findByOrderDatePrevious</method-name>
          <method-params>
            <method-param>long</method-param>
            <method-param>int</method-param>
          </method-params>

        </query-method>

        <ejb-ql><![CDATA[select distinct object (o) from orderEJB o where o.orderDate <= ?1 and o.orderStatus = ?2]]></ejb-ql>
      </query>
    </entity>
    <entity>
      <display-name>LineItemBean</display-name>
      <ejb-name>LineItemBean</ejb-name>
      <local-home>LineItemLocalHome</local-home>
      <local>LineItemLocal</local>
      <ejb-class>LineItemBean</ejb-class>
      <persistence-type>Container</persistence-type>
      <prim-key-class>java.lang.String</prim-key-class>
      <reentrant>False</reentrant>
      <cmp-version>2.x</cmp-version>
      <abstract-schema-name>lineitemEJB</abstract-schema-name>
      <cmp-field>
        <description><![CDATA[no description]]></description>
        <field-name>lineItemID</field-name>
      </cmp-field>
      <cmp-field>
        <description><![CDATA[no description]]></description>
        <field-name>quantity</field-name>
      </cmp-field>
      <cmp-field>
        <description><![CDATA[no description]]></description>
        <field-name>title</field-name>
      </cmp-field>
      <primkey-field>lineItemID</primkey-field>
      <security-identity>
        <use-caller-identity/>
      </security-identity>

      <query>
        <query-method>
          <method-name>findByTitle</method-name>
          <method-params>
            <method-param>java.lang.String</method-param>
          </method-params>

        </query-method>

        <ejb-ql><![CDATA[select distinct object (i)
from lineitemEJB i
where i.title = ?1]]></ejb-ql>
      </query>
    </entity>
    <entity>
      <display-name>CustomerBean</display-name>
      <ejb-name>CustomerBean</ejb-name>
      <local-home>CustomerLocalHome</local-home>
      <local>CustomerLocal</local>
      <ejb-class>CustomerBean</ejb-class>
      <persistence-type>Container</persistence-type>
      <prim-key-class>java.lang.String</prim-key-class>
      <reentrant>False</reentrant>
      <cmp-version>2.x</cmp-version>
      <abstract-schema-name>customerEJB</abstract-schema-name>
      <cmp-field>
        <description><![CDATA[no description]]></description>
        <field-name>name</field-name>
      </cmp-field>
      <cmp-field>
        <description><![CDATA[no description]]></description>
        <field-name>password</field-name>
      </cmp-field>
      <cmp-field>
        <description><![CDATA[no description]]></description>
        <field-name>email</field-name>
      </cmp-field>
      <cmp-field>
        <description><![CDATA[no description]]></description>
        <field-name>customerID</field-name>
      </cmp-field>
      <cmp-field>
        <description><![CDATA[no description]]></description>
        <field-name>ordersPending</field-name>
      </cmp-field>
      <primkey-field>customerID</primkey-field>
      <security-identity>
        <use-caller-identity/>
      </security-identity>

      <query>
        <query-method>
          <method-name>ejbSelectTotalCustomers</method-name>
          <method-params>
          </method-params>

        </query-method>

        <ejb-ql><![CDATA[select object (c)
from customerEJB c]]></ejb-ql>
      </query>
      <query>
        <query-method>
          <method-name>findAll</method-name>
          <method-params>
          </method-params>

        </query-method>

        <ejb-ql><![CDATA[select object(c) from customerEJB c]]></ejb-ql>
      </query>
      <query>
        <query-method>
          <method-name>findByCustomerName</method-name>
          <method-params>
            <method-param>java.lang.String</method-param>
          </method-params>

        </query-method>

        <ejb-ql><![CDATA[select distinct object (c)
from customerEJB c
where c.name = ?1]]></ejb-ql>
      </query>
    </entity>
  </enterprise-beans>

  <relationships>
    <ejb-relation>
      <ejb-relation-name>Relacion1</ejb-relation-name>
      <ejb-relationship-role>
        <ejb-relationship-role-name>CustomerBean</ejb-relationship-role-name>
        <multiplicity>one</multiplicity>
                <relationship-role-source>
          <ejb-name>CustomerBean</ejb-name>
        </relationship-role-source>

        <cmr-field>
          <cmr-field-name>orders</cmr-field-name>
          <cmr-field-type>java.util.Collection</cmr-field-type>
        </cmr-field>

      </ejb-relationship-role>
      <ejb-relationship-role>
        <ejb-relationship-role-name>OrderBean</ejb-relationship-role-name>
        <multiplicity>many</multiplicity>
        <cascade-delete/>
        <relationship-role-source>
          <ejb-name>OrderBean</ejb-name>
        </relationship-role-source>

        <cmr-field>
          <cmr-field-name>customer</cmr-field-name>
        </cmr-field>

      </ejb-relationship-role>
    </ejb-relation>
    <ejb-relation>
      <ejb-relation-name>Relacion2</ejb-relation-name>
      <ejb-relationship-role>
        <ejb-relationship-role-name>OrderBean</ejb-relationship-role-name>
        <multiplicity>one</multiplicity>
                <relationship-role-source>
          <ejb-name>OrderBean</ejb-name>
        </relationship-role-source>

        <cmr-field>
          <cmr-field-name>lineItems</cmr-field-name>
          <cmr-field-type>java.util.Collection</cmr-field-type>
        </cmr-field>

      </ejb-relationship-role>
      <ejb-relationship-role>
        <ejb-relationship-role-name>LineItemBean</ejb-relationship-role-name>
        <multiplicity>many</multiplicity>
        <cascade-delete/>
        <relationship-role-source>
          <ejb-name>LineItemBean</ejb-name>
        </relationship-role-source>

        <cmr-field>
          <cmr-field-name>order</cmr-field-name>
        </cmr-field>

      </ejb-relationship-role>
    </ejb-relation>
  </relationships>

  <assembly-descriptor>
    <method-permission>
      <unchecked/>
      <method>
        <ejb-name>OrderBean</ejb-name>
        <method-intf>LocalHome</method-intf>
        <method-name>remove</method-name>
        <method-params>
          <method-param>java.lang.Object</method-param>
        </method-params>

      </method>
      <method>
        <ejb-name>OrderBean</ejb-name>
        <method-intf>Local</method-intf>
        <method-name>getEJBLocalHome</method-name>
        <method-params>
        </method-params>

      </method>
      <method>
        <ejb-name>OrderBean</ejb-name>
        <method-intf>Local</method-intf>
        <method-name>getOrderDate</method-name>
        <method-params>
        </method-params>

      </method>
      <method>
        <ejb-name>OrderBean</ejb-name>
        <method-intf>Local</method-intf>
        <method-name>getCustomer</method-name>
        <method-params>
        </method-params>

      </method>
      <method>
        <ejb-name>OrderBean</ejb-name>
        <method-intf>Local</method-intf>
        <method-name>setOrderStatus</method-name>
        <method-params>
          <method-param>int</method-param>
        </method-params>

      </method>
      <method>
        <ejb-name>OrderBean</ejb-name>
        <method-intf>LocalHome</method-intf>
        <method-name>findByPrimaryKey</method-name>
        <method-params>
          <method-param>java.lang.String</method-param>
        </method-params>

      </method>
      <method>
        <ejb-name>OrderBean</ejb-name>
        <method-intf>Local</method-intf>
        <method-name>getShipDate</method-name>
        <method-params>
        </method-params>

      </method>
      <method>
        <ejb-name>OrderBean</ejb-name>
        <method-intf>Local</method-intf>
        <method-name>getOrderID</method-name>
        <method-params>
        </method-params>

      </method>
      <method>
        <ejb-name>OrderBean</ejb-name>
        <method-intf>Local</method-intf>
        <method-name>getPrimaryKey</method-name>
        <method-params>
        </method-params>

      </method>
      <method>
        <ejb-name>OrderBean</ejb-name>
        <method-intf>Local</method-intf>
        <method-name>getTotalAmount</method-name>
        <method-params>
        </method-params>

      </method>
      <method>
        <ejb-name>OrderBean</ejb-name>
        <method-intf>Local</method-intf>
        <method-name>getOrderStatus</method-name>
        <method-params>
        </method-params>

      </method>
      <method>
        <ejb-name>OrderBean</ejb-name>
        <method-intf>Local</method-intf>
        <method-name>remove</method-name>
        <method-params>
        </method-params>

      </method>
      <method>
        <ejb-name>OrderBean</ejb-name>
        <method-intf>Local</method-intf>
        <method-name>shipOrder</method-name>
        <method-params>
          <method-param>long</method-param>
        </method-params>

      </method>
      <method>
        <ejb-name>OrderBean</ejb-name>
        <method-intf>Local</method-intf>
        <method-name>isIdentical</method-name>
        <method-params>
          <method-param>javax.ejb.EJBLocalObject</method-param>
        </method-params>

      </method>
      <method>
        <ejb-name>OrderBean</ejb-name>
        <method-intf>Local</method-intf>
        <method-name>getLineItems</method-name>
        <method-params>
        </method-params>

      </method>
    </method-permission>
    <method-permission>
      <unchecked/>
      <method>
        <ejb-name>LineItemBean</ejb-name>
        <method-intf>LocalHome</method-intf>
        <method-name>remove</method-name>
        <method-params>
          <method-param>java.lang.Object</method-param>
        </method-params>

      </method>
      <method>
        <ejb-name>LineItemBean</ejb-name>
        <method-intf>Local</method-intf>
        <method-name>getQuantity</method-name>
        <method-params>
        </method-params>

      </method>
      <method>
        <ejb-name>LineItemBean</ejb-name>
        <method-intf>Local</method-intf>
        <method-name>setQuantity</method-name>
        <method-params>
          <method-param>int</method-param>
        </method-params>

      </method>
      <method>
        <ejb-name>LineItemBean</ejb-name>
        <method-intf>Local</method-intf>
        <method-name>getEJBLocalHome</method-name>
        <method-params>
        </method-params>

      </method>
      <method>
        <ejb-name>LineItemBean</ejb-name>
        <method-intf>LocalHome</method-intf>
        <method-name>findByPrimaryKey</method-name>
        <method-params>
          <method-param>java.lang.String</method-param>
        </method-params>

      </method>
      <method>
        <ejb-name>LineItemBean</ejb-name>
        <method-intf>Local</method-intf>
        <method-name>getTitle</method-name>
        <method-params>
        </method-params>

      </method>
      <method>
        <ejb-name>LineItemBean</ejb-name>
        <method-intf>Local</method-intf>
        <method-name>getPrimaryKey</method-name>
        <method-params>
        </method-params>

      </method>
      <method>
        <ejb-name>LineItemBean</ejb-name>
        <method-intf>LocalHome</method-intf>
        <method-name>findByTitle</method-name>
        <method-params>
          <method-param>java.lang.String</method-param>
        </method-params>

      </method>
      <method>
        <ejb-name>LineItemBean</ejb-name>
        <method-intf>Local</method-intf>
        <method-name>remove</method-name>
        <method-params>
        </method-params>

      </method>
      <method>
        <ejb-name>LineItemBean</ejb-name>
        <method-intf>Local</method-intf>
        <method-name>getLineItemID</method-name>
        <method-params>
        </method-params>

      </method>
      <method>
        <ejb-name>LineItemBean</ejb-name>
        <method-intf>Local</method-intf>
        <method-name>isIdentical</method-name>
        <method-params>
          <method-param>javax.ejb.EJBLocalObject</method-param>
        </method-params>

      </method>
    </method-permission>
    <method-permission>
      <unchecked/>
      <method>
        <ejb-name>CustomerBean</ejb-name>
        <method-intf>Local</method-intf>
        <method-name>setOrdersPending</method-name>
        <method-params>
          <method-param>boolean</method-param>
        </method-params>

      </method>
      <method>
        <ejb-name>CustomerBean</ejb-name>
        <method-intf>Local</method-intf>
        <method-name>getPrimaryKey</method-name>
        <method-params>
        </method-params>

      </method>
      <method>
        <ejb-name>CustomerBean</ejb-name>
        <method-intf>Local</method-intf>
        <method-name>setEmail</method-name>
        <method-params>
          <method-param>java.lang.String</method-param>
        </method-params>

      </method>
      <method>
        <ejb-name>CustomerBean</ejb-name>
        <method-intf>Local</method-intf>
        <method-name>getCustomerID</method-name>
        <method-params>
        </method-params>

      </method>
      <method>
        <ejb-name>CustomerBean</ejb-name>
        <method-intf>LocalHome</method-intf>
        <method-name>remove</method-name>
        <method-params>
          <method-param>java.lang.Object</method-param>
        </method-params>

      </method>
      <method>
        <ejb-name>CustomerBean</ejb-name>
        <method-intf>LocalHome</method-intf>
        <method-name>findByCustomerName</method-name>
        <method-params>
          <method-param>java.lang.String</method-param>
        </method-params>

      </method>
      <method>
        <ejb-name>CustomerBean</ejb-name>
        <method-intf>Local</method-intf>
        <method-name>setPassword</method-name>
        <method-params>
          <method-param>java.lang.String</method-param>
        </method-params>

      </method>
      <method>
        <ejb-name>CustomerBean</ejb-name>
        <method-intf>LocalHome</method-intf>
        <method-name>findAll</method-name>
        <method-params>
        </method-params>

      </method>
      <method>
        <ejb-name>CustomerBean</ejb-name>
        <method-intf>Local</method-intf>
        <method-name>getEJBLocalHome</method-name>
        <method-params>
        </method-params>

      </method>
      <method>
        <ejb-name>CustomerBean</ejb-name>
        <method-intf>Local</method-intf>
        <method-name>getName</method-name>
        <method-params>
        </method-params>

      </method>
      <method>
        <ejb-name>CustomerBean</ejb-name>
        <method-intf>LocalHome</method-intf>
        <method-name>findByPrimaryKey</method-name>
        <method-params>
          <method-param>java.lang.String</method-param>
        </method-params>

      </method>
      <method>
        <ejb-name>CustomerBean</ejb-name>
        <method-intf>Local</method-intf>
        <method-name>dropOrder</method-name>
        <method-params>
          <method-param>OrderLocal</method-param>
        </method-params>

      </method>
      <method>
        <ejb-name>CustomerBean</ejb-name>
        <method-intf>Local</method-intf>
        <method-name>addOrder</method-name>
        <method-params>
          <method-param>OrderLocal</method-param>
        </method-params>

      </method>
      <method>
        <ejb-name>CustomerBean</ejb-name>
        <method-intf>Local</method-intf>
        <method-name>isIdentical</method-name>
        <method-params>
          <method-param>javax.ejb.EJBLocalObject</method-param>
        </method-params>

      </method>
      <method>
        <ejb-name>CustomerBean</ejb-name>
        <method-intf>Local</method-intf>
        <method-name>getOrdersPending</method-name>
        <method-params>
        </method-params>

      </method>
      <method>
        <ejb-name>CustomerBean</ejb-name>
        <method-intf>Local</method-intf>
        <method-name>remove</method-name>
        <method-params>
        </method-params>

      </method>
      <method>
        <ejb-name>CustomerBean</ejb-name>
        <method-intf>Local</method-intf>
        <method-name>getOrders</method-name>
        <method-params>
        </method-params>

      </method>
      <method>
        <ejb-name>CustomerBean</ejb-name>
        <method-intf>Local</method-intf>
        <method-name>getPassword</method-name>
        <method-params>
        </method-params>

      </method>
      <method>
        <ejb-name>CustomerBean</ejb-name>
        <method-intf>Local</method-intf>
        <method-name>getEmail</method-name>
        <method-params>
        </method-params>

      </method>
      <method>
        <ejb-name>CustomerBean</ejb-name>
        <method-intf>LocalHome</method-intf>
        <method-name>create</method-name>
        <method-params>
          <method-param>java.lang.String</method-param>
          <method-param>java.lang.String</method-param>
          <method-param>java.lang.String</method-param>
        </method-params>

      </method>
      <method>
        <ejb-name>CustomerBean</ejb-name>
        <method-intf>LocalHome</method-intf>
        <method-name>getTotalCustomers</method-name>
        <method-params>
        </method-params>

      </method>
    </method-permission>
    <method-permission>
      <unchecked/>
      <method>
        <ejb-name>CustomerSessionBean</ejb-name>
        <method-intf>Remote</method-intf>
        <method-name>getPrimaryKey</method-name>
        <method-params>
        </method-params>

      </method>
      <method>
        <ejb-name>CustomerSessionBean</ejb-name>
        <method-intf>Home</method-intf>
        <method-name>getEJBMetaData</method-name>
        <method-params>
        </method-params>

      </method>
      <method>
        <ejb-name>CustomerSessionBean</ejb-name>
        <method-intf>Home</method-intf>
        <method-name>remove</method-name>
        <method-params>
          <method-param>java.lang.Object</method-param>
        </method-params>

      </method>
      <method>
        <ejb-name>CustomerSessionBean</ejb-name>
        <method-intf>Remote</method-intf>
        <method-name>getEJBHome</method-name>
        <method-params>
        </method-params>

      </method>
      <method>
        <ejb-name>CustomerSessionBean</ejb-name>
        <method-intf>Remote</method-intf>
        <method-name>buildItems</method-name>
        <method-params>
          <method-param>java.util.Collection</method-param>
        </method-params>

      </method>
      <method>
        <ejb-name>CustomerSessionBean</ejb-name>
        <method-intf>Home</method-intf>
        <method-name>getHomeHandle</method-name>
        <method-params>
        </method-params>

      </method>
      <method>
        <ejb-name>CustomerSessionBean</ejb-name>
        <method-intf>Remote</method-intf>
        <method-name>changePassword</method-name>
        <method-params>
          <method-param>java.lang.String</method-param>
          <method-param>java.lang.String</method-param>
        </method-params>

      </method>
      <method>
        <ejb-name>CustomerSessionBean</ejb-name>
        <method-intf>Home</method-intf>
        <method-name>create</method-name>
        <method-params>
        </method-params>

      </method>
      <method>
        <ejb-name>CustomerSessionBean</ejb-name>
        <method-intf>Remote</method-intf>
        <method-name>changeEmail</method-name>
        <method-params>
          <method-param>java.lang.String</method-param>
          <method-param>java.lang.String</method-param>
        </method-params>

      </method>
      <method>
        <ejb-name>CustomerSessionBean</ejb-name>
        <method-intf>Remote</method-intf>
        <method-name>getOrdersPending</method-name>
        <method-params>
          <method-param>java.lang.String</method-param>
        </method-params>

      </method>
      <method>
        <ejb-name>CustomerSessionBean</ejb-name>
        <method-intf>Remote</method-intf>
        <method-name>getCustomers</method-name>
        <method-params>
        </method-params>

      </method>
      <method>
        <ejb-name>CustomerSessionBean</ejb-name>
        <method-intf>Home</method-intf>
        <method-name>remove</method-name>
        <method-params>
          <method-param>javax.ejb.Handle</method-param>
        </method-params>

      </method>
      <method>
        <ejb-name>CustomerSessionBean</ejb-name>
        <method-intf>Remote</method-intf>
        <method-name>createCustomer</method-name>
        <method-params>
          <method-param>CustomerVO</method-param>
        </method-params>

      </method>
      <method>
        <ejb-name>CustomerSessionBean</ejb-name>
        <method-intf>Remote</method-intf>
        <method-name>getOrders</method-name>
        <method-params>
          <method-param>java.lang.String</method-param>
        </method-params>

      </method>
      <method>
        <ejb-name>CustomerSessionBean</ejb-name>
        <method-intf>Remote</method-intf>
        <method-name>getHandle</method-name>
        <method-params>
        </method-params>

      </method>
      <method>
        <ejb-name>CustomerSessionBean</ejb-name>
        <method-intf>Remote</method-intf>
        <method-name>remove</method-name>
        <method-params>
        </method-params>

      </method>
      <method>
        <ejb-name>CustomerSessionBean</ejb-name>
        <method-intf>Remote</method-intf>
        <method-name>isIdentical</method-name>
        <method-params>
          <method-param>javax.ejb.EJBObject</method-param>
        </method-params>

      </method>
      <method>
        <ejb-name>CustomerSessionBean</ejb-name>
        <method-intf>Remote</method-intf>
        <method-name>createOrder</method-name>
        <method-params>
          <method-param>OrderVO</method-param>
        </method-params>

      </method>
      <method>
        <ejb-name>CustomerSessionBean</ejb-name>
        <method-intf>Remote</method-intf>
        <method-name>getTotalCustomers</method-name>
        <method-params>
        </method-params>

      </method>
      <method>
        <ejb-name>CustomerSessionBean</ejb-name>
        <method-intf>Remote</method-intf>
        <method-name>identifyCustomer</method-name>
        <method-params>
          <method-param>java.lang.String</method-param>
          <method-param>java.lang.String</method-param>
        </method-params>

      </method>
    </method-permission>
    <container-transaction>
      <method>
        <ejb-name>OrderBean</ejb-name>
        <method-intf>LocalHome</method-intf>
        <method-name>remove</method-name>
        <method-params>
          <method-param>java.lang.Object</method-param>
        </method-params>

      </method>
      <trans-attribute>Required</trans-attribute>
    </container-transaction>
    <container-transaction>
      <method>
        <ejb-name>OrderBean</ejb-name>
        <method-intf>LocalHome</method-intf>
        <method-name>create</method-name>
        <method-params>
          <method-param>double</method-param>
          <method-param>int</method-param>
          <method-param>long</method-param>
          <method-param>long</method-param>
          <method-param>CustomerLocal</method-param>
        </method-params>

      </method>
      <trans-attribute>Required</trans-attribute>
    </container-transaction>
    <container-transaction>
      <method>
        <ejb-name>OrderBean</ejb-name>
        <method-intf>Local</method-intf>
        <method-name>getOrderDate</method-name>
        <method-params>
        </method-params>

      </method>
      <trans-attribute>Required</trans-attribute>
    </container-transaction>
    <container-transaction>
      <method>
        <ejb-name>OrderBean</ejb-name>
        <method-intf>LocalHome</method-intf>
        <method-name>findByOrderDatePrevious</method-name>
        <method-params>
          <method-param>long</method-param>
          <method-param>int</method-param>
        </method-params>

      </method>
      <trans-attribute>Required</trans-attribute>
    </container-transaction>
    <container-transaction>
      <method>
        <ejb-name>OrderBean</ejb-name>
        <method-intf>Local</method-intf>
        <method-name>getCustomer</method-name>
        <method-params>
        </method-params>

      </method>
      <trans-attribute>Required</trans-attribute>
    </container-transaction>
    <container-transaction>
      <method>
        <ejb-name>OrderBean</ejb-name>
        <method-intf>Local</method-intf>
        <method-name>setOrderStatus</method-name>
        <method-params>
          <method-param>int</method-param>
        </method-params>

      </method>
      <trans-attribute>Required</trans-attribute>
    </container-transaction>
    <container-transaction>
      <method>
        <ejb-name>OrderBean</ejb-name>
        <method-intf>LocalHome</method-intf>
        <method-name>findByPrimaryKey</method-name>
        <method-params>
          <method-param>java.lang.String</method-param>
        </method-params>

      </method>
      <trans-attribute>Required</trans-attribute>
    </container-transaction>
    <container-transaction>
      <method>
        <ejb-name>OrderBean</ejb-name>
        <method-intf>Local</method-intf>
        <method-name>getShipDate</method-name>
        <method-params>
        </method-params>

      </method>
      <trans-attribute>Required</trans-attribute>
    </container-transaction>
    <container-transaction>
      <method>
        <ejb-name>OrderBean</ejb-name>
        <method-intf>Local</method-intf>
        <method-name>getOrderID</method-name>
        <method-params>
        </method-params>

      </method>
      <trans-attribute>Required</trans-attribute>
    </container-transaction>
    <container-transaction>
      <method>
        <ejb-name>OrderBean</ejb-name>
        <method-intf>Local</method-intf>
        <method-name>getTotalAmount</method-name>
        <method-params>
        </method-params>

      </method>
      <trans-attribute>Required</trans-attribute>
    </container-transaction>
    <container-transaction>
      <method>
        <ejb-name>OrderBean</ejb-name>
        <method-intf>Local</method-intf>
        <method-name>getOrderStatus</method-name>
        <method-params>
        </method-params>

      </method>
      <trans-attribute>Required</trans-attribute>
    </container-transaction>
    <container-transaction>
      <method>
        <ejb-name>OrderBean</ejb-name>
        <method-intf>Local</method-intf>
        <method-name>shipOrder</method-name>
        <method-params>
          <method-param>long</method-param>
        </method-params>

      </method>
      <trans-attribute>Required</trans-attribute>
    </container-transaction>
    <container-transaction>
      <method>
        <ejb-name>OrderBean</ejb-name>
        <method-intf>Local</method-intf>
        <method-name>remove</method-name>
        <method-params>
        </method-params>

      </method>
      <trans-attribute>Required</trans-attribute>
    </container-transaction>
    <container-transaction>
      <method>
        <ejb-name>OrderBean</ejb-name>
        <method-intf>Local</method-intf>
        <method-name>getLineItems</method-name>
        <method-params>
        </method-params>

      </method>
      <trans-attribute>Required</trans-attribute>
    </container-transaction>
    <container-transaction>
      <method>
        <ejb-name>LineItemBean</ejb-name>
        <method-intf>LocalHome</method-intf>
        <method-name>remove</method-name>
        <method-params>
          <method-param>java.lang.Object</method-param>
        </method-params>

      </method>
      <trans-attribute>Required</trans-attribute>
    </container-transaction>
    <container-transaction>
      <method>
        <ejb-name>LineItemBean</ejb-name>
        <method-intf>Local</method-intf>
        <method-name>getQuantity</method-name>
        <method-params>
        </method-params>

      </method>
      <trans-attribute>Required</trans-attribute>
    </container-transaction>
    <container-transaction>
      <method>
        <ejb-name>LineItemBean</ejb-name>
        <method-intf>Local</method-intf>
        <method-name>setQuantity</method-name>
        <method-params>
          <method-param>int</method-param>
        </method-params>

      </method>
      <trans-attribute>Required</trans-attribute>
    </container-transaction>
    <container-transaction>
      <method>
        <ejb-name>LineItemBean</ejb-name>
        <method-intf>Local</method-intf>
        <method-name>getOrder</method-name>
        <method-params>
        </method-params>

      </method>
      <trans-attribute>Required</trans-attribute>
    </container-transaction>
    <container-transaction>
      <method>
        <ejb-name>LineItemBean</ejb-name>
        <method-intf>LocalHome</method-intf>
        <method-name>findByPrimaryKey</method-name>
        <method-params>
          <method-param>java.lang.String</method-param>
        </method-params>

      </method>
      <trans-attribute>Required</trans-attribute>
    </container-transaction>
    <container-transaction>
      <method>
        <ejb-name>LineItemBean</ejb-name>
        <method-intf>LocalHome</method-intf>
        <method-name>create</method-name>
        <method-params>
          <method-param>java.lang.String</method-param>
          <method-param>int</method-param>
          <method-param>OrderLocal</method-param>
        </method-params>

      </method>
      <trans-attribute>Required</trans-attribute>
    </container-transaction>
    <container-transaction>
      <method>
        <ejb-name>LineItemBean</ejb-name>
        <method-intf>Local</method-intf>
        <method-name>getTitle</method-name>
        <method-params>
        </method-params>

      </method>
      <trans-attribute>Required</trans-attribute>
    </container-transaction>
    <container-transaction>
      <method>
        <ejb-name>LineItemBean</ejb-name>
        <method-intf>LocalHome</method-intf>
        <method-name>findByTitle</method-name>
        <method-params>
          <method-param>java.lang.String</method-param>
        </method-params>

      </method>
      <trans-attribute>Required</trans-attribute>
    </container-transaction>
    <container-transaction>
      <method>
        <ejb-name>LineItemBean</ejb-name>
        <method-intf>Local</method-intf>
        <method-name>remove</method-name>
        <method-params>
        </method-params>

      </method>
      <trans-attribute>Required</trans-attribute>
    </container-transaction>
    <container-transaction>
      <method>
        <ejb-name>LineItemBean</ejb-name>
        <method-intf>Local</method-intf>
        <method-name>getLineItemID</method-name>
        <method-params>
        </method-params>

      </method>
      <trans-attribute>Required</trans-attribute>
    </container-transaction>
    <container-transaction>
      <method>
        <ejb-name>LineItemBean</ejb-name>
        <method-intf>Local</method-intf>
        <method-name>setOrder</method-name>
        <method-params>
          <method-param>OrderLocal</method-param>
        </method-params>

      </method>
      <trans-attribute>Required</trans-attribute>
    </container-transaction>
    <container-transaction>
      <method>
        <ejb-name>CustomerBean</ejb-name>
        <method-intf>Local</method-intf>
        <method-name>setOrdersPending</method-name>
        <method-params>
          <method-param>boolean</method-param>
        </method-params>

      </method>
      <trans-attribute>Required</trans-attribute>
    </container-transaction>
    <container-transaction>
      <method>
        <ejb-name>CustomerBean</ejb-name>
        <method-intf>Local</method-intf>
        <method-name>setEmail</method-name>
        <method-params>
          <method-param>java.lang.String</method-param>
        </method-params>

      </method>
      <trans-attribute>Required</trans-attribute>
    </container-transaction>
    <container-transaction>
      <method>
        <ejb-name>CustomerBean</ejb-name>
        <method-intf>Local</method-intf>
        <method-name>getCustomerID</method-name>
        <method-params>
        </method-params>

      </method>
      <trans-attribute>Required</trans-attribute>
    </container-transaction>
    <container-transaction>
      <method>
        <ejb-name>CustomerBean</ejb-name>
        <method-intf>LocalHome</method-intf>
        <method-name>remove</method-name>
        <method-params>
          <method-param>java.lang.Object</method-param>
        </method-params>

      </method>
      <trans-attribute>Required</trans-attribute>
    </container-transaction>
    <container-transaction>
      <method>
        <ejb-name>CustomerBean</ejb-name>
        <method-intf>LocalHome</method-intf>
        <method-name>findByCustomerName</method-name>
        <method-params>
          <method-param>java.lang.String</method-param>
        </method-params>

      </method>
      <trans-attribute>Required</trans-attribute>
    </container-transaction>
    <container-transaction>
      <method>
        <ejb-name>CustomerBean</ejb-name>
        <method-intf>Local</method-intf>
        <method-name>setPassword</method-name>
        <method-params>
          <method-param>java.lang.String</method-param>
        </method-params>

      </method>
      <trans-attribute>Required</trans-attribute>
    </container-transaction>
    <container-transaction>
      <method>
        <ejb-name>CustomerBean</ejb-name>
        <method-intf>LocalHome</method-intf>
        <method-name>findAll</method-name>
        <method-params>
        </method-params>

      </method>
      <trans-attribute>Required</trans-attribute>
    </container-transaction>
    <container-transaction>
      <method>
        <ejb-name>CustomerBean</ejb-name>
        <method-intf>Local</method-intf>
        <method-name>getName</method-name>
        <method-params>
        </method-params>

      </method>
      <trans-attribute>Required</trans-attribute>
    </container-transaction>
    <container-transaction>
      <method>
        <ejb-name>CustomerBean</ejb-name>
        <method-intf>LocalHome</method-intf>
        <method-name>findByPrimaryKey</method-name>
        <method-params>
          <method-param>java.lang.String</method-param>
        </method-params>

      </method>
      <trans-attribute>Required</trans-attribute>
    </container-transaction>
    <container-transaction>
      <method>
        <ejb-name>CustomerBean</ejb-name>
        <method-intf>Local</method-intf>
        <method-name>dropOrder</method-name>
        <method-params>
          <method-param>OrderLocal</method-param>
        </method-params>

      </method>
      <trans-attribute>Required</trans-attribute>
    </container-transaction>
    <container-transaction>
      <method>
        <ejb-name>CustomerBean</ejb-name>
        <method-intf>Local</method-intf>
        <method-name>addOrder</method-name>
        <method-params>
          <method-param>OrderLocal</method-param>
        </method-params>

      </method>
      <trans-attribute>Required</trans-attribute>
    </container-transaction>
    <container-transaction>
      <method>
        <ejb-name>CustomerBean</ejb-name>
        <method-intf>Local</method-intf>
        <method-name>getOrdersPending</method-name>
        <method-params>
        </method-params>

      </method>
      <trans-attribute>Required</trans-attribute>
    </container-transaction>
    <container-transaction>
      <method>
        <ejb-name>CustomerBean</ejb-name>
        <method-intf>Local</method-intf>
        <method-name>remove</method-name>
        <method-params>
        </method-params>

      </method>
      <trans-attribute>Required</trans-attribute>
    </container-transaction>
    <container-transaction>
      <method>
        <ejb-name>CustomerBean</ejb-name>
        <method-intf>Local</method-intf>
        <method-name>getOrders</method-name>
        <method-params>
        </method-params>

      </method>
      <trans-attribute>Required</trans-attribute>
    </container-transaction>
    <container-transaction>
      <method>
        <ejb-name>CustomerBean</ejb-name>
        <method-intf>Local</method-intf>
        <method-name>getPassword</method-name>
        <method-params>
        </method-params>

      </method>
      <trans-attribute>Required</trans-attribute>
    </container-transaction>
    <container-transaction>
      <method>
        <ejb-name>CustomerBean</ejb-name>
        <method-intf>Local</method-intf>
        <method-name>getEmail</method-name>
        <method-params>
        </method-params>

      </method>
      <trans-attribute>Required</trans-attribute>
    </container-transaction>
    <container-transaction>
      <method>
        <ejb-name>CustomerBean</ejb-name>
        <method-intf>LocalHome</method-intf>
        <method-name>create</method-name>
        <method-params>
          <method-param>java.lang.String</method-param>
          <method-param>java.lang.String</method-param>
          <method-param>java.lang.String</method-param>
        </method-params>

      </method>
      <trans-attribute>Required</trans-attribute>
    </container-transaction>
    <container-transaction>
      <method>
        <ejb-name>CustomerBean</ejb-name>
        <method-intf>LocalHome</method-intf>
        <method-name>getTotalCustomers</method-name>
        <method-params>
        </method-params>

      </method>
      <trans-attribute>Required</trans-attribute>
    </container-transaction>
    <container-transaction>
      <method>
        <ejb-name>CustomerSessionBean</ejb-name>
        <method-intf>Remote</method-intf>
        <method-name>getOrdersPending</method-name>
        <method-params>
          <method-param>java.lang.String</method-param>
        </method-params>

      </method>
      <trans-attribute>Required</trans-attribute>
    </container-transaction>
    <container-transaction>
      <method>
        <ejb-name>CustomerSessionBean</ejb-name>
        <method-intf>Remote</method-intf>
        <method-name>identifyCustomer</method-name>
        <method-params>
          <method-param>java.lang.String</method-param>
          <method-param>java.lang.String</method-param>
        </method-params>

      </method>
      <trans-attribute>Required</trans-attribute>
    </container-transaction>
    <container-transaction>
      <method>
        <ejb-name>CustomerSessionBean</ejb-name>
        <method-intf>Remote</method-intf>
        <method-name>changePassword</method-name>
        <method-params>
          <method-param>java.lang.String</method-param>
          <method-param>java.lang.String</method-param>
        </method-params>

      </method>
      <trans-attribute>Required</trans-attribute>
    </container-transaction>
    <container-transaction>
      <method>
        <ejb-name>CustomerSessionBean</ejb-name>
        <method-intf>Remote</method-intf>
        <method-name>getTotalCustomers</method-name>
        <method-params>
        </method-params>

      </method>
      <trans-attribute>Required</trans-attribute>
    </container-transaction>
    <container-transaction>
      <method>
        <ejb-name>CustomerSessionBean</ejb-name>
        <method-intf>Remote</method-intf>
        <method-name>createCustomer</method-name>
        <method-params>
          <method-param>CustomerVO</method-param>
        </method-params>

      </method>
      <trans-attribute>Required</trans-attribute>
    </container-transaction>
    <container-transaction>
      <method>
        <ejb-name>CustomerSessionBean</ejb-name>
        <method-intf>Remote</method-intf>
        <method-name>changeEmail</method-name>
        <method-params>
          <method-param>java.lang.String</method-param>
          <method-param>java.lang.String</method-param>
        </method-params>

      </method>
      <trans-attribute>Required</trans-attribute>
    </container-transaction>
    <container-transaction>
      <method>
        <ejb-name>CustomerSessionBean</ejb-name>
        <method-intf>Remote</method-intf>
        <method-name>getOrders</method-name>
        <method-params>
          <method-param>java.lang.String</method-param>
        </method-params>

      </method>
      <trans-attribute>Required</trans-attribute>
    </container-transaction>
    <container-transaction>
      <method>
        <ejb-name>CustomerSessionBean</ejb-name>
        <method-intf>Remote</method-intf>
        <method-name>createOrder</method-name>
        <method-params>
          <method-param>OrderVO</method-param>
        </method-params>

      </method>
      <trans-attribute>Required</trans-attribute>
    </container-transaction>
    <container-transaction>
      <method>
        <ejb-name>CustomerSessionBean</ejb-name>
        <method-intf>Remote</method-intf>
        <method-name>getCustomers</method-name>
        <method-params>
        </method-params>

      </method>
      <trans-attribute>Required</trans-attribute>
    </container-transaction>
    <container-transaction>
      <method>
        <ejb-name>CustomerSessionBean</ejb-name>
        <method-intf>Remote</method-intf>
        <method-name>buildItems</method-name>
        <method-params>
          <method-param>java.util.Collection</method-param>
        </method-params>

      </method>
      <trans-attribute>Required</trans-attribute>
    </container-transaction>
    <container-transaction>
      <method>
        <ejb-name>CustomerSessionBean</ejb-name>
        <method-intf>Remote</method-intf>
        <method-name>shipOrdersByDate</method-name>
        <method-params>
          <method-param>java.util.Calendar</method-param>
        </method-params>

      </method>
      <trans-attribute>Required</trans-attribute>
    </container-transaction>
  </assembly-descriptor>

</ejb-jar>
