<!DOCTYPE weblogic-rdbms-jar PUBLIC  '-//BEA Systems, Inc.//DTD WebLogic 7.0.0 EJB RDBMS Persistence//EN' 'http://www.bea.com/servers/wls700/dtd/weblogic-rdbms20-persistence-700.dtd'>


<!-- Generated XML! -->

<weblogic-rdbms-jar>
  <weblogic-rdbms-bean>
    <ejb-name>CustomerBean</ejb-name>
    <data-source-name>examples-dataSource-demoPool</data-source-name>
    <table-map>
      <table-name>customerlocals</table-name>
      <field-map>
        <cmp-field>password</cmp-field>
        <dbms-column>password</dbms-column>
      </field-map>
      <field-map>
        <cmp-field>customerID</cmp-field>
        <dbms-column>customerID</dbms-column>
      </field-map>
      <field-map>
        <cmp-field>email</cmp-field>
        <dbms-column>email</dbms-column>
      </field-map>
      <field-map>
        <cmp-field>ordersPending</cmp-field>
        <dbms-column>ordersPending</dbms-column>
      </field-map>
      <field-map>
        <cmp-field>name</cmp-field>
        <dbms-column>name</dbms-column>
      </field-map>
    </table-map>
    <weblogic-query>
      <query-method>
        <method-name>findByCustomerName</method-name>
        <method-params>
          <method-param>java.lang.String</method-param>
        </method-params>

      </query-method>

    </weblogic-query>
    <weblogic-query>
      <query-method>
        <method-name>findAll</method-name>
        <method-params>
        </method-params>

      </query-method>

    </weblogic-query>
    <weblogic-query>
      <query-method>
        <method-name>ejbSelectTotalCustomers</method-name>
        <method-params>
        </method-params>

      </query-method>

    </weblogic-query>
  </weblogic-rdbms-bean>
  <weblogic-rdbms-bean>
    <ejb-name>LineItemBean</ejb-name>
    <data-source-name>examples-dataSource-demoPool</data-source-name>
    <table-map>
      <table-name>lineitemlocals</table-name>
      <field-map>
        <cmp-field>quantity</cmp-field>
        <dbms-column>quantity</dbms-column>
      </field-map>
      <field-map>
        <cmp-field>lineItemID</cmp-field>
        <dbms-column>lineItemID</dbms-column>
      </field-map>
      <field-map>
        <cmp-field>title</cmp-field>
        <dbms-column>title</dbms-column>
      </field-map>
    </table-map>
    <weblogic-query>
      <query-method>
        <method-name>findByTitle</method-name>
        <method-params>
          <method-param>java.lang.String</method-param>
        </method-params>

      </query-method>

    </weblogic-query>
  </weblogic-rdbms-bean>
  <weblogic-rdbms-bean>
    <ejb-name>OrderBean</ejb-name>
    <data-source-name>examples-dataSource-demoPool</data-source-name>
    <table-map>
      <table-name>orderlocals</table-name>
      <field-map>
        <cmp-field>orderID</cmp-field>
        <dbms-column>orderID</dbms-column>
      </field-map>
      <field-map>
        <cmp-field>totalAmount</cmp-field>
        <dbms-column>totalAmount</dbms-column>
      </field-map>
      <field-map>
        <cmp-field>orderStatus</cmp-field>
        <dbms-column>orderStatus</dbms-column>
      </field-map>
      <field-map>
        <cmp-field>orderDate</cmp-field>
        <dbms-column>orderDate</dbms-column>
      </field-map>
      <field-map>
        <cmp-field>shipDate</cmp-field>
        <dbms-column>shipDate</dbms-column>
      </field-map>
    </table-map>
    <weblogic-query>
      <query-method>
        <method-name>findByOrderDatePrevious</method-name>
        <method-params>
          <method-param>long</method-param>
          <method-param>int</method-param>
        </method-params>

      </query-method>

    </weblogic-query>
  </weblogic-rdbms-bean>
  <weblogic-rdbms-relation>
    <relation-name>Relacion1</relation-name>
    <weblogic-relationship-role>
      <relationship-role-name>OrderBean</relationship-role-name>
      <relationship-role-map>
        <column-map>
          <foreign-key-column>customerID</foreign-key-column>
          <key-column>customerID</key-column>
        </column-map>
      </relationship-role-map>

          </weblogic-relationship-role>
  </weblogic-rdbms-relation>
  <weblogic-rdbms-relation>
    <relation-name>Relacion2</relation-name>
    <weblogic-relationship-role>
      <relationship-role-name>LineItemBean</relationship-role-name>
      <relationship-role-map>
        <column-map>
          <foreign-key-column>orderID</foreign-key-column>
          <key-column>orderID</key-column>
        </column-map>
      </relationship-role-map>

          </weblogic-relationship-role>
  </weblogic-rdbms-relation>
  <create-default-dbms-tables>True</create-default-dbms-tables>
</weblogic-rdbms-jar>
