<?xml version="1.0" encoding="ISO-8859-1" ?>

<!DOCTYPE struts-config PUBLIC
          "-//Apache Software Foundation//DTD Struts Configuration 1.2//EN"
          "http://jakarta.apache.org/struts/dtds/struts-config_1_2.dtd">

<!--
     This is a blank Struts configuration file with an example
     welcome action/page and other commented sample elements.

     Tiles and the Struts Validator are configured using the factory defaults
     and are ready-to-use.

     NOTE: If you have a generator tool to create the corresponding Java classes
     for you, you could include the details in the "form-bean" declarations.
     Otherwise, you would only define the "form-bean" element itself, with the
     corresponding "name" and "type" attributes, as shown here.
-->


<struts-config>

    <form-beans>
    </form-beans>


    <global-exceptions>
    </global-exceptions>


    <global-forwards>
    </global-forwards>


    <action-mappings>
    	<!-- simplemente para poder probar si Struts funciona y todo est� en orden -->
        <action path="/prueba"
            type="es.ua.jtech.struts.acciones.PruebaAccion">
            <forward name="OK" path="/prueba.jsp"/>
        </action>                
                
        <action path="/login"
        	type="es.ua.jtech.struts.acciones.LoginAccion">
        	<forward name="OK" path="/listarTodas.do"/>
        	<forward name="error" path="/index.jsp"/>
        </action>	


        <action path="/listarTodas"
        	type="es.ua.jtech.struts.acciones.ListarTodasAccion">
        	<forward name="OK" path="/tareas.jsp"/>
        </action>
        
        <action path="/preNuevaTarea"
        	forward="/nuevaTarea.jsp">
        </action>
        
        <action path="/nuevaTarea"
        	type="es.ua.jtech.struts.acciones.NuevaTareaAccion"
        	name="TareaForm" scope="request"
        	validate="true" input="/nuevaTarea.jsp">
        	<forward name="OK" path="/listarTodas.do"/>
   			<forward name="error" path="/nuevaTarea.jsp"/>
        </action>
        
        <action path="/preEliminarTarea"
        	type="es.ua.jtech.struts.acciones.PreEliminarAccion">
        	<forward name="OK" path="/eliminarTarea.jsp"/>
   			<forward name="error" path="/listarTodas.do"/>
        </action>
        
        <action path="/eliminarTarea"
        	type="es.ua.jtech.struts.acciones.EliminarAccion">
        	<forward name="OK" path="/listarTodas.do"/>
   			<forward name="error" path="/eliminarTarea.jsp.do"/>
        </action>
               
        <action path="/logout"
        	type="es.ua.jtech.struts.acciones.LogoutAccion">
        	<forward name="OK" path="/index.jsp"/>
        </action>	
                	
    </action-mappings>
	<message-resources parameter="mensajes"/>
</struts-config>

