<?xml version="1.0" encoding="UTF-8"?>
<!DOCTYPE ejb-jar PUBLIC '-//Sun Microsystems, Inc.//DTD Enterprise JavaBeans 2.0//EN' 'http://java.sun.com/dtd/ejb-jar_2_0.dtd'>


<!-- Generated XML! -->

<ejb-jar>
  <display-name>CartJAR</display-name>
  <enterprise-beans>
    <session>
      <display-name>MusicCartBean</display-name>
      <ejb-name>MusicCartBean</ejb-name>
      <home>MusicCartHome</home>
      <remote>MusicCart</remote>
      <ejb-class>MusicCartBean</ejb-class>
      <session-type>Stateful</session-type>
      <transaction-type>Bean</transaction-type>
      <security-identity>
        <use-caller-identity/>
      </security-identity>

    </session>
  </enterprise-beans>

  <assembly-descriptor>
    <method-permission>
      <unchecked/>
      <method>
        <ejb-name>MusicCartBean</ejb-name>
        <method-intf>Remote</method-intf>
        <method-name>removeRecording</method-name>
        <method-params>
          <method-param>RecordingVO</method-param>
        </method-params>

      </method>
      <method>
        <ejb-name>MusicCartBean</ejb-name>
        <method-intf>Home</method-intf>
        <method-name>remove</method-name>
        <method-params>
          <method-param>java.lang.Object</method-param>
        </method-params>

      </method>
      <method>
        <ejb-name>MusicCartBean</ejb-name>
        <method-intf>Remote</method-intf>
        <method-name>addRecording</method-name>
        <method-params>
          <method-param>RecordingVO</method-param>
        </method-params>

      </method>
      <method>
        <ejb-name>MusicCartBean</ejb-name>
        <method-intf>Remote</method-intf>
        <method-name>getShoppingList</method-name>
        <method-params>
        </method-params>

      </method>
      <method>
        <ejb-name>MusicCartBean</ejb-name>
        <method-intf>Remote</method-intf>
        <method-name>getCustomer</method-name>
        <method-params>
        </method-params>

      </method>
      <method>
        <ejb-name>MusicCartBean</ejb-name>
        <method-intf>Remote</method-intf>
        <method-name>getHandle</method-name>
        <method-params>
        </method-params>

      </method>
      <method>
        <ejb-name>MusicCartBean</ejb-name>
        <method-intf>Home</method-intf>
        <method-name>remove</method-name>
        <method-params>
          <method-param>javax.ejb.Handle</method-param>
        </method-params>

      </method>
      <method>
        <ejb-name>MusicCartBean</ejb-name>
        <method-intf>Home</method-intf>
        <method-name>create</method-name>
        <method-params>
          <method-param>java.lang.String</method-param>
        </method-params>

      </method>
      <method>
        <ejb-name>MusicCartBean</ejb-name>
        <method-intf>Home</method-intf>
        <method-name>getHomeHandle</method-name>
        <method-params>
        </method-params>

      </method>
      <method>
        <ejb-name>MusicCartBean</ejb-name>
        <method-intf>Remote</method-intf>
        <method-name>getPrimaryKey</method-name>
        <method-params>
        </method-params>

      </method>
      <method>
        <ejb-name>MusicCartBean</ejb-name>
        <method-intf>Home</method-intf>
        <method-name>create</method-name>
        <method-params>
          <method-param>CustomerVO</method-param>
        </method-params>

      </method>
      <method>
        <ejb-name>MusicCartBean</ejb-name>
        <method-intf>Remote</method-intf>
        <method-name>remove</method-name>
        <method-params>
        </method-params>

      </method>
      <method>
        <ejb-name>MusicCartBean</ejb-name>
        <method-intf>Home</method-intf>
        <method-name>getEJBMetaData</method-name>
        <method-params>
        </method-params>

      </method>
      <method>
        <ejb-name>MusicCartBean</ejb-name>
        <method-intf>Remote</method-intf>
        <method-name>isIdentical</method-name>
        <method-params>
          <method-param>javax.ejb.EJBObject</method-param>
        </method-params>

      </method>
      <method>
        <ejb-name>MusicCartBean</ejb-name>
        <method-intf>Remote</method-intf>
        <method-name>getEJBHome</method-name>
        <method-params>
        </method-params>

      </method>
    </method-permission>
  </assembly-descriptor>

</ejb-jar>
