<!DOCTYPE weblogic-ejb-jar PUBLIC '-//BEA Systems, Inc.//DTD WebLogic 7.0.0 EJB//EN' 'http://www.bea.com/servers/wls700/dtd/weblogic-ejb-jar.dtd'>


<!-- Generated XML! -->

<weblogic-ejb-jar>
  <weblogic-enterprise-bean>
    <ejb-name>MusicCartBean</ejb-name>
    <stateful-session-descriptor>
      <stateful-session-cache>
      </stateful-session-cache>

      <stateful-session-clustering>
      </stateful-session-clustering>

    </stateful-session-descriptor>

    <transaction-descriptor>
    </transaction-descriptor>

    <jndi-name>MusicCartBean</jndi-name>
  </weblogic-enterprise-bean>
</weblogic-ejb-jar>
