<?xml version='1.0' encoding='UTF-8'?>
<j2ee:java-wsdl-mapping xmlns:j2ee="http://java.sun.com/xml/ns/j2ee" xmlns:xsi="http://www.w3.org/2001/XMLSchema-instance" version="1.1">
  <j2ee:package-mapping>
    <j2ee:package-type>es.ua.jtech.servcweb.hola.stub</j2ee:package-type>
    <j2ee:namespaceURI>http://sw.hola.servcweb.jtech.ua.es</j2ee:namespaceURI>
  </j2ee:package-mapping>
  <j2ee:service-interface-mapping>
    <j2ee:service-interface>es.ua.jtech.servcweb.hola.stub.HolaMundoSWService</j2ee:service-interface>
    <j2ee:wsdl-service-name xmlns:sw="http://sw.hola.servcweb.jtech.ua.es">sw:HolaMundoSWService</j2ee:wsdl-service-name>
    <j2ee:port-mapping>
      <j2ee:port-name>HolaMundoSW</j2ee:port-name>
      <j2ee:java-port-name>HolaMundoSW</j2ee:java-port-name>
    </j2ee:port-mapping>
  </j2ee:service-interface-mapping>
  <j2ee:service-endpoint-interface-mapping>
    <j2ee:service-endpoint-interface>es.ua.jtech.servcweb.hola.stub.HolaMundoSW</j2ee:service-endpoint-interface>
    <j2ee:wsdl-port-type xmlns:sw="http://sw.hola.servcweb.jtech.ua.es">sw:HolaMundoSW</j2ee:wsdl-port-type>
    <j2ee:wsdl-binding xmlns:sw="http://sw.hola.servcweb.jtech.ua.es">sw:HolaMundoSWSoapBinding</j2ee:wsdl-binding>
    <j2ee:service-endpoint-method-mapping>
      <j2ee:java-method-name>saluda</j2ee:java-method-name>
      <j2ee:wsdl-operation>saluda</j2ee:wsdl-operation>
      <j2ee:wrapped-element></j2ee:wrapped-element>
      <j2ee:method-param-parts-mapping>
        <j2ee:param-position>0</j2ee:param-position>
        <j2ee:param-type>java.lang.String</j2ee:param-type>
        <j2ee:wsdl-message-mapping>
          <j2ee:wsdl-message xmlns:sw="http://sw.hola.servcweb.jtech.ua.es">sw:saludaRequest</j2ee:wsdl-message>
          <j2ee:wsdl-message-part-name>nombre</j2ee:wsdl-message-part-name>
          <j2ee:parameter-mode>IN</j2ee:parameter-mode>
        </j2ee:wsdl-message-mapping>
      </j2ee:method-param-parts-mapping>
      <j2ee:wsdl-return-value-mapping>
        <j2ee:method-return-value>java.lang.String</j2ee:method-return-value>
        <j2ee:wsdl-message xmlns:sw="http://sw.hola.servcweb.jtech.ua.es">sw:saludaResponse</j2ee:wsdl-message>
        <j2ee:wsdl-message-part-name>saludaReturn</j2ee:wsdl-message-part-name>
      </j2ee:wsdl-return-value-mapping>
    </j2ee:service-endpoint-method-mapping>
  </j2ee:service-endpoint-interface-mapping>
</j2ee:java-wsdl-mapping>
