<?xml version="1.0" encoding="ISO-8859-1" standalone="yes"?>
<?xml-stylesheet type="text/css" href="novedades.css" ?>
<novedades>
   <fecha> Diciembre 2002 </fecha>
   <disco genero="pop">
      <titulo>O sea</titulo>
      <interprete>Enrique Iglesias</interprete>
      <direccion>http://www.enriqueiglesias.com</direccion>
   </disco>
   <libro>
      <titulo>Programaci�n de aplicaciones web</titulo>
      <autor>John McCarra</autor>
      <autor>Frank Webini</autor>
      <direccion>http://www.paw.org</direccion>
   </libro>
   <libro>
      <titulo>Manolito Gafotas</titulo>
      <autor>Elvira Lindo</autor>
      <direccion>http://www.manolitogafotas.com</direccion>
   </libro>
</novedades>