<?xml version="1.0" encoding="UTF-8" standalone="yes"?>
<content>
	<caption>Nations of the World</caption>
	<definition>
		<area>sq.km.</area>
		<pop1 type="est.">2001-07-01</pop1>
		<pop2 type="est.">2002-07-01</pop2>
	</definition>
	<main>
		<entity region="sca">
			<name>Afghanistan</name>
			<capital>Kabul</capital>
			<area>647500</area>
			<pop1>26813057</pop1>
			<pop2>27755775</pop2>
		</entity>
		<entity region="se">
			<name>Albania</name>
			<capital>Tirana</capital>
			<area>28748</area>
			<pop1>3510484</pop1>
			<pop2>3544841</pop2>
		</entity>
		<entity region="naf">
			<name>Algeria</name>
			<capital>Algiers</capital>
			<area>2381740</area>
			<pop1>31736053</pop1>
			<pop2>32277942</pop2>
		</entity>
		<entity region="po">
			<name>American Samoa</name>
			<capital>Pago Pago</capital>
			<area>199</area>
			<pop1>67084</pop1>
			<pop2>68688</pop2>
		</entity>
		<entity region="se">
			<name>Andorra</name>
			<capital>Andorra la Vella</capital>
			<area>468</area>
			<pop1>67627</pop1>
			<pop2>68403</pop2>
		</entity>
		<entity region="maf">
			<name>Angola</name>
			<capital>Luanda</capital>
			<area>1246700</area>
			<pop1>10366031</pop1>
			<pop2>10593171</pop2>
		</entity>
		<entity region="car">
			<name>Anguilla</name>
			<capital>The Valley</capital>
			<area>102</area>
			<pop1>12132</pop1>
			<pop2>12446</pop2>
		</entity>
		<entity region="car">
			<name>Antigua and Barbuda</name>
			<capital>Saint John&apos;s</capital>
			<area>443</area>
			<pop1>66970</pop1>
			<pop2>67448</pop2>
		</entity>
		<entity region="sam">
			<name>Argentina</name>
			<capital>Buenos Aires</capital>
			<area>2766890</area>
			<pop1>37384816</pop1>
			<pop2>37812817</pop2>
		</entity>
		<entity region="wa">
			<name>Armenia</name>
			<capital>Yerevan</capital>
			<area>29800</area>
			<pop1>3336100</pop1>
			<pop2>3330099</pop2>
		</entity>
		<entity region="car">
			<name>Aruba</name>
			<capital>Oranjestad</capital>
			<area>193</area>
			<pop1>70007</pop1>
			<pop2>70441</pop2>
		</entity>
		<entity region="anz">
			<name>Australia</name>
			<capital>Canberra</capital>
			<area>7686850</area>
			<pop1>19357594</pop1>
			<pop2>19546792</pop2>
		</entity>
		<entity region="we">
			<name>Austria</name>
			<capital>Vienna</capital>
			<area>83858</area>
			<pop1>8150835</pop1>
			<pop2>8169929</pop2>
		</entity>
		<entity region="wa">
			<name>Azerbaijan</name>
			<capital>Baku</capital>
			<area>86600</area>
			<pop1>7771092</pop1>
			<pop2>7798497</pop2>
		</entity>
		<entity region="car">
			<name>Bahamas, The</name>
			<capital>Nassau</capital>
			<area>13940</area>
			<pop1>297852</pop1>
			<pop2>300529</pop2>
		</entity>
		<entity region="wa">
			<name>Bahrain</name>
			<capital>Manama</capital>
			<area>665</area>
			<pop1>645361</pop1>
			<pop2>656397</pop2>
		</entity>
		<entity region="sca">
			<name>Bangladesh</name>
			<capital>Dhaka</capital>
			<area>144000</area>
			<pop1>131269860</pop1>
			<pop2>133376684</pop2>
		</entity>
		<entity region="car">
			<name>Barbados</name>
			<capital>Bridgetown</capital>
			<area>431</area>
			<pop1>275330</pop1>
			<pop2>276607</pop2>
		</entity>
		<entity region="ee">
			<name>Belarus</name>
			<capital>Minsk</capital>
			<area>207600</area>
			<pop1>10350194</pop1>
			<pop2>10335382</pop2>
		</entity>
		<entity region="we">
			<name>Belgium</name>
			<capital>Brussels</capital>
			<area>30510</area>
			<pop1>10258762</pop1>
			<pop2>10274595</pop2>
		</entity>
		<entity region="cam">
			<name>Belize</name>
			<capital>Belmopan</capital>
			<area>22966</area>
			<pop1>256062</pop1>
			<pop2>262999</pop2>
		</entity>
		<entity region="waf">
			<name>Benin</name>
			<capital>Porto-Novo</capital>
			<area>112620</area>
			<pop1>6590782</pop1>
			<pop2>6787625</pop2>
		</entity>
		<entity region="nam">
			<name>Bermuda</name>
			<capital>Hamilton</capital>
			<area>53.3</area>
			<pop1>63503</pop1>
			<pop2>63960</pop2>
		</entity>
		<entity region="sca">
			<name>Bhutan</name>
			<capital>Thimphu</capital>
			<area>47000</area>
			<pop1>2049412</pop1>
			<pop2>2094176</pop2>
		</entity>
		<entity region="sam">
			<name>Bolivia</name>
			<capital>Sucre</capital>
			<area>1098580</area>
			<pop1>8300463</pop1>
			<pop2>8445134</pop2>
		</entity>
		<entity region="se">
			<name>Bosnia and Herzegovina</name>
			<capital>Sarajevo</capital>
			<area>51129</area>
			<pop1>3922205</pop1>
			<pop2>3964388</pop2>
		</entity>
		<entity region="saf">
			<name>Botswana</name>
			<capital>Gaborone</capital>
			<area>600370</area>
			<pop1>1586119</pop1>
			<pop2>1591232</pop2>
		</entity>
		<entity region="sam">
			<name>Brazil</name>
			<capital>Brasilia</capital>
			<area>8511965</area>
			<pop1>174468575</pop1>
			<pop2>176029560</pop2>
		</entity>
		<entity region="car">
			<name>British Virgin Islands</name>
			<capital>Road Town</capital>
			<area>153</area>
			<pop1>20812</pop1>
			<pop2>21272</pop2>
		</entity>
		<entity region="sea">
			<name>Brunei</name>
			<capital>Bandar Seri Begawan</capital>
			<area>5770</area>
			<pop1>343653</pop1>
			<pop2>350898</pop2>
		</entity>
		<entity region="ee">
			<name>Bulgaria</name>
			<capital>Sofia</capital>
			<area>110910</area>
			<pop1>7707495</pop1>
			<pop2>7621337</pop2>
		</entity>
		<entity region="waf">
			<name>Burkina Faso</name>
			<capital>Ouagadougou</capital>
			<area>274200</area>
			<pop1>12272289</pop1>
			<pop2>12603185</pop2>
		</entity>
		<entity region="sea">
			<name>Burma (Myanmar)</name>
			<capital>Rangoon</capital>
			<area>678500</area>
			<pop1>41994678</pop1>
			<pop2>42238224</pop2>
		</entity>
		<entity region="eaf">
			<name>Burundi</name>
			<capital>Bujumbura</capital>
			<area>27830</area>
			<pop1>6223897</pop1>
			<pop2>6373002</pop2>
		</entity>
		<entity region="sea">
			<name>Cambodia</name>
			<capital>Phnom Penh</capital>
			<area>181040</area>
			<pop1>12491501</pop1>
			<pop2>12775324</pop2>
		</entity>
		<entity region="maf">
			<name>Cameroon</name>
			<capital>Yaounde</capital>
			<area>475440</area>
			<pop1>15803220</pop1>
			<pop2>16184748</pop2>
		</entity>
		<entity region="nam">
			<name>Canada</name>
			<capital>Ottawa</capital>
			<area>9976140</area>
			<pop1>31592805</pop1>
			<pop2>31902268</pop2>
		</entity>
		<entity region="waf">
			<name>Cape Verde</name>
			<capital>Praia</capital>
			<area>4033</area>
			<pop1>405163</pop1>
			<pop2>408760</pop2>
		</entity>
		<entity region="car">
			<name>Cayman Islands</name>
			<capital>George Town</capital>
			<area>262</area>
			<pop1>35527</pop1>
			<pop2>36273</pop2>
		</entity>
		<entity region="maf">
			<name>Central African Republic</name>
			<capital>Bangui</capital>
			<area>622984</area>
			<pop1>3576884</pop1>
			<pop2>3642739</pop2>
		</entity>
		<entity region="maf">
			<name>Chad</name>
			<capital>N&apos;Djamena</capital>
			<area>1284000</area>
			<pop1>8707078</pop1>
			<pop2>8997237</pop2>
		</entity>
		<entity region="sam">
			<name>Chile</name>
			<capital>Santiago</capital>
			<area>756950</area>
			<pop1>15328467</pop1>
			<pop2>15498930</pop2>
		</entity>
		<entity region="ea">
			<name>China</name>
			<capital>Beijing</capital>
			<area>9596960</area>
			<pop1>1273111290</pop1>
			<pop2>1284303705</pop2>
		</entity>
		<entity region="ea">
			<name>China, Hong Kong SAR</name>
			<capital>Victoria</capital>
			<area>1092</area>
			<pop1>7210505</pop1>
			<pop2>7303334</pop2>
		</entity>
		<entity region="ea">
			<name>China, Macau SAR</name>
			<capital>Macau</capital>
			<area>25.4</area>
			<pop1>453733</pop1>
			<pop2>461833</pop2>
		</entity>
		<entity region="o">
			<name>Christmas Island</name>
			<capital>The Settlement</capital>
			<area>135</area>
			<pop1>2771</pop1>
			<pop2>474</pop2>
		</entity>
		<entity region="o">
			<name>Cocos Islands</name>
			<capital>West Island</capital>
			<area>14</area>
			<pop1>633</pop1>
			<pop2>632</pop2>
		</entity>
		<entity region="sam">
			<name>Colombia</name>
			<capital>Bogota</capital>
			<area>1138910</area>
			<pop1>40349388</pop1>
			<pop2>41008227</pop2>
		</entity>
		<entity region="eaf">
			<name>Comoros</name>
			<capital>Moroni</capital>
			<area>2170</area>
			<pop1>596202</pop1>
			<pop2>614382</pop2>
		</entity>
		<entity region="maf">
			<name>Congo, Dem. Rep. of the</name>
			<capital>Kinshasa</capital>
			<area>2345410</area>
			<pop1>53624718</pop1>
			<pop2>55225478</pop2>
		</entity>
		<entity region="maf">
			<name>Congo, Rep. of the</name>
			<capital>Brazzaville</capital>
			<area>342000</area>
			<pop1>2894336</pop1>
			<pop2>2958448</pop2>
		</entity>
		<entity region="po">
			<name>Cook Islands</name>
			<capital>Avarua</capital>
			<area>240</area>
			<pop1>20611</pop1>
			<pop2>20811</pop2>
		</entity>
		<entity region="cam">
			<name>Costa Rica</name>
			<capital>San Jose</capital>
			<area>51100</area>
			<pop1>3773057</pop1>
			<pop2>3834934</pop2>
		</entity>
		<entity region="waf">
			<name>Cote d&apos;Ivoire</name>
			<capital>Yamoussoukro</capital>
			<area>322460</area>
			<pop1>16393221</pop1>
			<pop2>16804784</pop2>
		</entity>
		<entity region="se">
			<name>Croatia</name>
			<capital>Zagreb</capital>
			<area>56542</area>
			<pop1>4334142</pop1>
			<pop2>4390751</pop2>
		</entity>
		<entity region="car">
			<name>Cuba</name>
			<capital>Havana</capital>
			<area>110860</area>
			<pop1>11184023</pop1>
			<pop2>11224321</pop2>
		</entity>
		<entity region="wa">
			<name>Cyprus</name>
			<capital>Nicosia</capital>
			<area>9250</area>
			<pop1>762887</pop1>
			<pop2>767314</pop2>
		</entity>
		<entity region="ee">
			<name>Czech Republic</name>
			<capital>Prague</capital>
			<area>78866</area>
			<pop1>10264212</pop1>
			<pop2>10256760</pop2>
		</entity>
		<entity region="ne">
			<name>Denmark</name>
			<capital>Copenhagen</capital>
			<area>43094</area>
			<pop1>5352815</pop1>
			<pop2>5368854</pop2>
		</entity>
		<entity region="eaf">
			<name>Djibouti</name>
			<capital>Djibouti</capital>
			<area>23000</area>
			<pop1>460700</pop1>
			<pop2>472810</pop2>
		</entity>
		<entity region="car">
			<name>Dominica</name>
			<capital>Roseau</capital>
			<area>754</area>
			<pop1>70786</pop1>
			<pop2>70158</pop2>
		</entity>
		<entity region="car">
			<name>Dominican Republic</name>
			<capital>Santo Domingo</capital>
			<area>48730</area>
			<pop1>8581477</pop1>
			<pop2>8721594</pop2>
		</entity>
		<entity region="sea">
			<name>East Timor</name>
			<capital>Dili</capital>
			<area>15007</area>
			<pop1>900000</pop1>
			<pop2>952618</pop2>
		</entity>
		<entity region="sam">
			<name>Ecuador</name>
			<capital>Quito</capital>
			<area>283560</area>
			<pop1>13183978</pop1>
			<pop2>13447494</pop2>
		</entity>
		<entity region="naf">
			<name>Egypt</name>
			<capital>Cairo</capital>
			<area>1001450</area>
			<pop1>69536644</pop1>
			<pop2>70712345</pop2>
		</entity>
		<entity region="cam">
			<name>El Salvador</name>
			<capital>San Salvador</capital>
			<area>21040</area>
			<pop1>6237662</pop1>
			<pop2>6353681</pop2>
		</entity>
		<entity region="maf">
			<name>Equatorial Guinea</name>
			<capital>Malabo</capital>
			<area>28051</area>
			<pop1>486060</pop1>
			<pop2>498144</pop2>
		</entity>
		<entity region="eaf">
			<name>Eritrea</name>
			<capital>Asmara</capital>
			<area>121320</area>
			<pop1>4298269</pop1>
			<pop2>4465651</pop2>
		</entity>
		<entity region="ne">
			<name>Estonia</name>
			<capital>Tallinn</capital>
			<area>45226</area>
			<pop1>1423316</pop1>
			<pop2>1415681</pop2>
		</entity>
		<entity region="eaf">
			<name>Ethiopia</name>
			<capital>Addis Ababa</capital>
			<area>1127127</area>
			<pop1>65891874</pop1>
			<pop2>67673031</pop2>
		</entity>
		<entity region="sam">
			<name>Falkland Islands (Islas Malvinas)</name>
			<capital>Stanley</capital>
			<area>12173</area>
			<pop1>2895</pop1>
			<pop2>2967</pop2>
		</entity>
		<entity region="ne">
			<name>Faroe Islands</name>
			<capital>Torshavn</capital>
			<area>1399</area>
			<pop1>45661</pop1>
			<pop2>46011</pop2>
		</entity>
		<entity region="meo">
			<name>Fiji</name>
			<capital>Suva</capital>
			<area>18270</area>
			<pop1>844330</pop1>
			<pop2>856346</pop2>
		</entity>
		<entity region="ne">
			<name>Finland</name>
			<capital>Helsinki</capital>
			<area>337030</area>
			<pop1>5175783</pop1>
			<pop2>5183545</pop2>
		</entity>
		<entity region="we">
			<name>France</name>
			<capital>Paris</capital>
			<area>547030</area>
			<pop1>59551227</pop1>
			<pop2>59765983</pop2>
		</entity>
		<entity region="sam">
			<name>French Guiana</name>
			<capital>Cayenne</capital>
			<area>91000</area>
			<pop1>177562</pop1>
			<pop2>182333</pop2>
		</entity>
		<entity region="po">
			<name>French Polynesia</name>
			<capital>Papeete</capital>
			<area>4167</area>
			<pop1>253506</pop1>
			<pop2>257847</pop2>
		</entity>
		<entity region="maf">
			<name>Gabon</name>
			<capital>Libreville</capital>
			<area>267667</area>
			<pop1>1221175</pop1>
			<pop2>1233353</pop2>
		</entity>
		<entity region="waf">
			<name>Gambia, The</name>
			<capital>Banjul</capital>
			<area>11300</area>
			<pop1>1411205</pop1>
			<pop2>1455842</pop2>
		</entity>
		<entity region="wa">
			<name>Georgia</name>
			<capital>T&apos;bilisi</capital>
			<area>69700</area>
			<pop1>4989285</pop1>
			<pop2>4960951</pop2>
		</entity>
		<entity region="we">
			<name>Germany</name>
			<capital>Berlin</capital>
			<area>357021</area>
			<pop1>83029536</pop1>
			<pop2>83251851</pop2>
		</entity>
		<entity region="waf">
			<name>Ghana</name>
			<capital>Accra</capital>
			<area>239460</area>
			<pop1>19894014</pop1>
			<pop2>20244154</pop2>
		</entity>
		<entity region="se">
			<name>Gibraltar</name>
			<capital>Gibraltar</capital>
			<area>6.5</area>
			<pop1>27649</pop1>
			<pop2>27714</pop2>
		</entity>
		<entity region="se">
			<name>Greece</name>
			<capital>Athens</capital>
			<area>131940</area>
			<pop1>10623835</pop1>
			<pop2>10645343</pop2>
		</entity>
		<entity region="nam">
			<name>Greenland</name>
			<capital>Nuuk</capital>
			<area>2166086</area>
			<pop1>56352</pop1>
			<pop2>56376</pop2>
		</entity>
		<entity region="car">
			<name>Grenada</name>
			<capital>Saint George&apos;s</capital>
			<area>344</area>
			<pop1>89227</pop1>
			<pop2>89211</pop2>
		</entity>
		<entity region="car">
			<name>Guadeloupe</name>
			<capital>Basse-Terre</capital>
			<area>1780</area>
			<pop1>431170</pop1>
			<pop2>435739</pop2>
		</entity>
		<entity region="mio">
			<name>Guam</name>
			<capital>Hagatna</capital>
			<area>549</area>
			<pop1>157557</pop1>
			<pop2>160796</pop2>
		</entity>
		<entity region="cam">
			<name>Guatemala</name>
			<capital>Guatemala</capital>
			<area>108890</area>
			<pop1>12974361</pop1>
			<pop2>13314079</pop2>
		</entity>
		<entity region="ne">
			<name>Guernsey</name>
			<capital>Saint Peter Port</capital>
			<area>78</area>
			<pop1>64342</pop1>
			<pop2>64587</pop2>
		</entity>
		<entity region="waf">
			<name>Guinea</name>
			<capital>Conakry</capital>
			<area>245857</area>
			<pop1>7613870</pop1>
			<pop2>7775065</pop2>
		</entity>
		<entity region="waf">
			<name>Guinea-Bissau</name>
			<capital>Bissau</capital>
			<area>36120</area>
			<pop1>1315822</pop1>
			<pop2>1345479</pop2>
		</entity>
		<entity region="sam">
			<name>Guyana</name>
			<capital>Georgetown</capital>
			<area>214970</area>
			<pop1>697181</pop1>
			<pop2>698209</pop2>
		</entity>
		<entity region="car">
			<name>Haiti</name>
			<capital>Port-au-Prince</capital>
			<area>27750</area>
			<pop1>6964549</pop1>
			<pop2>7063722</pop2>
		</entity>
		<entity region="se">
			<name>Holy See (Vatican City)</name>
			<capital>Vatican City</capital>
			<area>0.44</area>
			<pop1>890</pop1>
			<pop2>900</pop2>
		</entity>
		<entity region="cam">
			<name>Honduras</name>
			<capital>Tegucigalpa</capital>
			<area>112090</area>
			<pop1>6406052</pop1>
			<pop2>6560608</pop2>
		</entity>
		<entity region="ee">
			<name>Hungary</name>
			<capital>Budapest</capital>
			<area>93030</area>
			<pop1>10106017</pop1>
			<pop2>10075034</pop2>
		</entity>
		<entity region="ne">
			<name>Iceland</name>
			<capital>Reykjavik</capital>
			<area>103000</area>
			<pop1>277906</pop1>
			<pop2>279384</pop2>
		</entity>
		<entity region="sca">
			<name>India</name>
			<capital>New Delhi</capital>
			<area>3287590</area>
			<pop1>1029991145</pop1>
			<pop2>1045845226</pop2>
		</entity>
		<entity region="sea">
			<name>Indonesia</name>
			<capital>Jakarta</capital>
			<area>1919440</area>
			<pop1>228437870</pop1>
			<pop2>231328092</pop2>
		</entity>
		<entity region="sca">
			<name>Iran</name>
			<capital>Tehran</capital>
			<area>1648000</area>
			<pop1>66128965</pop1>
			<pop2>66622704</pop2>
		</entity>
		<entity region="wa">
			<name>Iraq</name>
			<capital>Baghdad</capital>
			<area>437072</area>
			<pop1>23331985</pop1>
			<pop2>24001816</pop2>
		</entity>
		<entity region="ne">
			<name>Ireland</name>
			<capital>Dublin</capital>
			<area>70280</area>
			<pop1>3840838</pop1>
			<pop2>3883159</pop2>
		</entity>
		<entity region="wa">
			<name>Israel</name>
			<capital>Jerusalem</capital>
			<area>20770</area>
			<pop1>5938093</pop1>
			<pop2>6029529</pop2>
		</entity>
		<entity region="se">
			<name>Italy</name>
			<capital>Rome</capital>
			<area>301230</area>
			<pop1>57679825</pop1>
			<pop2>57715625</pop2>
		</entity>
		<entity region="car">
			<name>Jamaica</name>
			<capital>Kingston</capital>
			<area>10991</area>
			<pop1>2665636</pop1>
			<pop2>2680029</pop2>
		</entity>
		<entity region="ea">
			<name>Japan</name>
			<capital>Tokyo</capital>
			<area>377835</area>
			<pop1>126771662</pop1>
			<pop2>126974628</pop2>
		</entity>
		<entity region="ne">
			<name>Jersey</name>
			<capital>Saint Helier</capital>
			<area>116</area>
			<pop1>89361</pop1>
			<pop2>89775</pop2>
		</entity>
		<entity region="wa">
			<name>Jordan</name>
			<capital>Amman</capital>
			<area>92300</area>
			<pop1>5153378</pop1>
			<pop2>5307470</pop2>
		</entity>
		<entity region="sca">
			<name>Kazakhstan</name>
			<capital>Astana</capital>
			<area>2717300</area>
			<pop1>16731303</pop1>
			<pop2>16741519</pop2>
		</entity>
		<entity region="eaf">
			<name>Kenya</name>
			<capital>Nairobi</capital>
			<area>582650</area>
			<pop1>30765916</pop1>
			<pop2>31138735</pop2>
		</entity>
		<entity region="mio">
			<name>Kiribati</name>
			<capital>Tarawa</capital>
			<area>811</area>
			<pop1>94149</pop1>
			<pop2>96335</pop2>
		</entity>
		<entity region="ea">
			<name>Korea, North</name>
			<capital>P&apos;yongyang</capital>
			<area>120540</area>
			<pop1>21968228</pop1>
			<pop2>22224195</pop2>
		</entity>
		<entity region="ea">
			<name>Korea, South</name>
			<capital>Seoul</capital>
			<area>98480</area>
			<pop1>47904370</pop1>
			<pop2>48324000</pop2>
		</entity>
		<entity region="wa">
			<name>Kuwait</name>
			<capital>Kuwait</capital>
			<area>17820</area>
			<pop1>2041961</pop1>
			<pop2>2111561</pop2>
		</entity>
		<entity region="sca">
			<name>Kyrgyzstan</name>
			<capital>Bishkek</capital>
			<area>198500</area>
			<pop1>4753003</pop1>
			<pop2>4822166</pop2>
		</entity>
		<entity region="sea">
			<name>Laos</name>
			<capital>Vientiane</capital>
			<area>236800</area>
			<pop1>5635967</pop1>
			<pop2>5777180</pop2>
		</entity>
		<entity region="ne">
			<name>Latvia</name>
			<capital>Riga</capital>
			<area>64589</area>
			<pop1>2385231</pop1>
			<pop2>2366515</pop2>
		</entity>
		<entity region="wa">
			<name>Lebanon</name>
			<capital>Beirut</capital>
			<area>10400</area>
			<pop1>3627774</pop1>
			<pop2>3677780</pop2>
		</entity>
		<entity region="saf">
			<name>Lesotho</name>
			<capital>Maseru</capital>
			<area>30355</area>
			<pop1>2177062</pop1>
			<pop2>2207954</pop2>
		</entity>
		<entity region="waf">
			<name>Liberia</name>
			<capital>Monrovia</capital>
			<area>111370</area>
			<pop1>3225837</pop1>
			<pop2>3288198</pop2>
		</entity>
		<entity region="naf">
			<name>Libya</name>
			<capital>Tripoli</capital>
			<area>1759540</area>
			<pop1>5240599</pop1>
			<pop2>5368585</pop2>
		</entity>
		<entity region="we">
			<name>Liechtenstein</name>
			<capital>Vaduz</capital>
			<area>160</area>
			<pop1>32528</pop1>
			<pop2>32842</pop2>
		</entity>
		<entity region="ne">
			<name>Lithuania</name>
			<capital>Vilnius</capital>
			<area>65200</area>
			<pop1>3610535</pop1>
			<pop2>3601138</pop2>
		</entity>
		<entity region="we">
			<name>Luxembourg</name>
			<capital>Luxembourg</capital>
			<area>2586</area>
			<pop1>442972</pop1>
			<pop2>448569</pop2>
		</entity>
		<entity region="se">
			<name>Macedonia</name>
			<capital>Skopje</capital>
			<area>25333</area>
			<pop1>2046209</pop1>
			<pop2>2054800</pop2>
		</entity>
		<entity region="eaf">
			<name>Madagascar</name>
			<capital>Antananarivo</capital>
			<area>587040</area>
			<pop1>15982563</pop1>
			<pop2>16473477</pop2>
		</entity>
		<entity region="eaf">
			<name>Malawi</name>
			<capital>Lilongwe</capital>
			<area>118480</area>
			<pop1>10548250</pop1>
			<pop2>10701824</pop2>
		</entity>
		<entity region="sea">
			<name>Malaysia</name>
			<capital>Kuala Lumpur</capital>
			<area>329750</area>
			<pop1>22229040</pop1>
			<pop2>22662365</pop2>
		</entity>
		<entity region="sca">
			<name>Maldives</name>
			<capital>Male</capital>
			<area>300</area>
			<pop1>310764</pop1>
			<pop2>320165</pop2>
		</entity>
		<entity region="waf">
			<name>Mali</name>
			<capital>Bamako</capital>
			<area>1240000</area>
			<pop1>11008518</pop1>
			<pop2>11340480</pop2>
		</entity>
		<entity region="se">
			<name>Malta</name>
			<capital>Valletta</capital>
			<area>316</area>
			<pop1>394583</pop1>
			<pop2>397499</pop2>
		</entity>
		<entity region="ne">
			<name>Man, Isle of</name>
			<capital>Douglas</capital>
			<area>572</area>
			<pop1>73489</pop1>
			<pop2>73873</pop2>
		</entity>
		<entity region="mio">
			<name>Marshall Islands</name>
			<capital>Majuro</capital>
			<area>181.3</area>
			<pop1>70822</pop1>
			<pop2>73630</pop2>
		</entity>
		<entity region="car">
			<name>Martinique</name>
			<capital>Fort-de-France</capital>
			<area>1100</area>
			<pop1>418454</pop1>
			<pop2>422277</pop2>
		</entity>
		<entity region="waf">
			<name>Mauritania</name>
			<capital>Nouakchott</capital>
			<area>1030700</area>
			<pop1>2747312</pop1>
			<pop2>2828858</pop2>
		</entity>
		<entity region="eaf">
			<name>Mauritius</name>
			<capital>Port Louis</capital>
			<area>2040</area>
			<pop1>1189825</pop1>
			<pop2>1200206</pop2>
		</entity>
		<entity region="eaf">
			<name>Mayotte</name>
			<capital>Mamoutzou</capital>
			<area>374</area>
			<pop1>163366</pop1>
			<pop2>170879</pop2>
		</entity>
		<entity region="cam">
			<name>Mexico</name>
			<capital>Mexico</capital>
			<area>1972550</area>
			<pop1>101879171</pop1>
			<pop2>103400165</pop2>
		</entity>
		<entity region="mio">
			<name>Micronesia, Federated States of</name>
			<capital>Palikir</capital>
			<area>702</area>
			<pop1>134597</pop1>
			<pop2>135869</pop2>
		</entity>
		<entity region="ee">
			<name>Moldova</name>
			<capital>Chisinau</capital>
			<area>33843</area>
			<pop1>4431570</pop1>
			<pop2>4434547</pop2>
		</entity>
		<entity region="we">
			<name>Monaco</name>
			<capital>Monaco</capital>
			<area>1.95</area>
			<pop1>31842</pop1>
			<pop2>31987</pop2>
		</entity>
		<entity region="ea">
			<name>Mongolia</name>
			<capital>Ulaanbaatar</capital>
			<area>1565000</area>
			<pop1>2654999</pop1>
			<pop2>2694432</pop2>
		</entity>
		<entity region="car">
			<name>Montserrat</name>
			<capital>Plymouth &#185;</capital>
			<area>102</area>
			<pop1>7574</pop1>
			<pop2>8437</pop2>
		</entity>
		<entity region="naf">
			<name>Morocco</name>
			<capital>Rabat</capital>
			<area>446550</area>
			<pop1>30645305</pop1>
			<pop2>31167783</pop2>
		</entity>
		<entity region="eaf">
			<name>Mozambique</name>
			<capital>Maputo</capital>
			<area>801590</area>
			<pop1>19371057</pop1>
			<pop2>19607519</pop2>
		</entity>
		<entity region="saf">
			<name>Namibia</name>
			<capital>Windhoek</capital>
			<area>825418</area>
			<pop1>1797677</pop1>
			<pop2>1820916</pop2>
		</entity>
		<entity region="mio">
			<name>Nauru</name>
			<capital>no official capital</capital>
			<area>21</area>
			<pop1>12088</pop1>
			<pop2>12329</pop2>
		</entity>
		<entity region="sca">
			<name>Nepal</name>
			<capital>Kathmandu</capital>
			<area>140800</area>
			<pop1>25284463</pop1>
			<pop2>25873917</pop2>
		</entity>
		<entity region="we">
			<name>Netherlands</name>
			<capital>Amsterdam</capital>
			<area>41526</area>
			<pop1>15981472</pop1>
			<pop2>16067754</pop2>
		</entity>
		<entity region="car">
			<name>Netherlands Antilles</name>
			<capital>Willemstad</capital>
			<area>960</area>
			<pop1>212226</pop1>
			<pop2>214258</pop2>
		</entity>
		<entity region="meo">
			<name>New Caledonia</name>
			<capital>Noumea</capital>
			<area>19060</area>
			<pop1>204863</pop1>
			<pop2>207858</pop2>
		</entity>
		<entity region="anz">
			<name>New Zealand</name>
			<capital>Wellington</capital>
			<area>268680</area>
			<pop1>3864129</pop1>
			<pop2>3908037</pop2>
		</entity>
		<entity region="cam">
			<name>Nicaragua</name>
			<capital>Managua</capital>
			<area>129494</area>
			<pop1>4918393</pop1>
			<pop2>5023818</pop2>
		</entity>
		<entity region="waf">
			<name>Niger</name>
			<capital>Niamey</capital>
			<area>1267000</area>
			<pop1>10355156</pop1>
			<pop2>10639744</pop2>
		</entity>
		<entity region="waf">
			<name>Nigeria</name>
			<capital>Abuja</capital>
			<area>923768</area>
			<pop1>126635626</pop1>
			<pop2>129934911</pop2>
		</entity>
		<entity region="po">
			<name>Niue</name>
			<capital>Alofi</capital>
			<area>260</area>
			<pop1>2124</pop1>
			<pop2>2134</pop2>
		</entity>
		<entity region="anz">
			<name>Norfolk Island</name>
			<capital>Kingston</capital>
			<area>34.6</area>
			<pop1>1879</pop1>
			<pop2>1866</pop2>
		</entity>
		<entity region="mio">
			<name>Northern Mariana Islands</name>
			<capital>Saipan</capital>
			<area>477</area>
			<pop1>74612</pop1>
			<pop2>77311</pop2>
		</entity>
		<entity region="ne">
			<name>Norway</name>
			<capital>Oslo</capital>
			<area>324220</area>
			<pop1>4503440</pop1>
			<pop2>4525116</pop2>
		</entity>
		<entity region="wa">
			<name>Occupied Palestinian Territory</name>
			<capital>Ramallah</capital>
			<area>6220</area>
			<pop1>3268832</pop1>
			<pop2>3389578</pop2>
		</entity>
		<entity region="wa">
			<name>Oman</name>
			<capital>Muscat</capital>
			<area>212460</area>
			<pop1>2622198</pop1>
			<pop2>2713462</pop2>
		</entity>
		<entity region="sca">
			<name>Pakistan</name>
			<capital>Islamabad</capital>
			<area>803940</area>
			<pop1>144616639</pop1>
			<pop2>147663429</pop2>
		</entity>
		<entity region="mio">
			<name>Palau</name>
			<capital>Koror</capital>
			<area>458</area>
			<pop1>19092</pop1>
			<pop2>19409</pop2>
		</entity>
		<entity region="cam">
			<name>Panama</name>
			<capital>Panama</capital>
			<area>78200</area>
			<pop1>2845647</pop1>
			<pop2>2882329</pop2>
		</entity>
		<entity region="meo">
			<name>Papua New Guinea</name>
			<capital>Port Moresby</capital>
			<area>462840</area>
			<pop1>5049055</pop1>
			<pop2>5172033</pop2>
		</entity>
		<entity region="sam">
			<name>Paraguay</name>
			<capital>Asuncion</capital>
			<area>406750</area>
			<pop1>5734139</pop1>
			<pop2>5884491</pop2>
		</entity>
		<entity region="sam">
			<name>Peru</name>
			<capital>Lima</capital>
			<area>1285220</area>
			<pop1>27483864</pop1>
			<pop2>27949639</pop2>
		</entity>
		<entity region="sea">
			<name>Philippines</name>
			<capital>Manila</capital>
			<area>300000</area>
			<pop1>82841518</pop1>
			<pop2>84525639</pop2>
		</entity>
		<entity region="po">
			<name>Pitcairn Islands</name>
			<capital>Adamstown</capital>
			<area>47</area>
			<pop1>47</pop1>
			<pop2>47</pop2>
		</entity>
		<entity region="ee">
			<name>Poland</name>
			<capital>Warsaw</capital>
			<area>312685</area>
			<pop1>38633912</pop1>
			<pop2>38625478</pop2>
		</entity>
		<entity region="se">
			<name>Portugal</name>
			<capital>Lisbon</capital>
			<area>92391</area>
			<pop1>10066253</pop1>
			<pop2>10084245</pop2>
		</entity>
		<entity region="car">
			<name>Puerto Rico</name>
			<capital>San Juan</capital>
			<area>9104</area>
			<pop1>3937316</pop1>
			<pop2>3957988</pop2>
		</entity>
		<entity region="wa">
			<name>Qatar</name>
			<capital>Doha</capital>
			<area>11437</area>
			<pop1>769152</pop1>
			<pop2>793341</pop2>
		</entity>
		<entity region="eaf">
			<name>Reunion</name>
			<capital>Saint-Denis</capital>
			<area>2512</area>
			<pop1>732570</pop1>
			<pop2>743981</pop2>
		</entity>
		<entity region="ee">
			<name>Romania</name>
			<capital>Bucharest</capital>
			<area>237500</area>
			<pop1>22364022</pop1>
			<pop2>22317730</pop2>
		</entity>
		<entity region="ee">
			<name>Russia</name>
			<capital>Moscow</capital>
			<area>17075200</area>
			<pop1>145470197</pop1>
			<pop2>144978573</pop2>
		</entity>
		<entity region="eaf">
			<name>Rwanda</name>
			<capital>Kigali</capital>
			<area>26338</area>
			<pop1>7312756</pop1>
			<pop2>7398074</pop2>
		</entity>
		<entity region="waf">
			<name>Saint Helena</name>
			<capital>Jamestown</capital>
			<area>410</area>
			<pop1>7266</pop1>
			<pop2>7317</pop2>
		</entity>
		<entity region="car">
			<name>Saint Kitts and Nevis</name>
			<capital>Basseterre</capital>
			<area>261</area>
			<pop1>38756</pop1>
			<pop2>38736</pop2>
		</entity>
		<entity region="car">
			<name>Saint Lucia</name>
			<capital>Castries</capital>
			<area>616</area>
			<pop1>158178</pop1>
			<pop2>160145</pop2>
		</entity>
		<entity region="nam">
			<name>Saint Pierre and Miquelon</name>
			<capital>Saint-Pierre</capital>
			<area>242</area>
			<pop1>6928</pop1>
			<pop2>6954</pop2>
		</entity>
		<entity region="car">
			<name>Saint Vincent and the Grenadines</name>
			<capital>Kingstown</capital>
			<area>389</area>
			<pop1>115942</pop1>
			<pop2>116394</pop2>
		</entity>
		<entity region="po">
			<name>Samoa</name>
			<capital>Apia</capital>
			<area>2944</area>
			<pop1>179058</pop1>
			<pop2>178631</pop2>
		</entity>
		<entity region="se">
			<name>San Marino</name>
			<capital>San Marino</capital>
			<area>61.2</area>
			<pop1>27336</pop1>
			<pop2>27730</pop2>
		</entity>
		<entity region="maf">
			<name>Sao Tome and Principe</name>
			<capital>Sao Tome</capital>
			<area>1001</area>
			<pop1>165034</pop1>
			<pop2>170372</pop2>
		</entity>
		<entity region="wa">
			<name>Saudi Arabia</name>
			<capital>Riyadh</capital>
			<area>1960582</area>
			<pop1>22757092</pop1>
			<pop2>23513330</pop2>
		</entity>
		<entity region="waf">
			<name>Senegal</name>
			<capital>Dakar</capital>
			<area>196190</area>
			<pop1>10284929</pop1>
			<pop2>10589571</pop2>
		</entity>
		<entity region="eaf">
			<name>Seychelles</name>
			<capital>Victoria</capital>
			<area>455</area>
			<pop1>79715</pop1>
			<pop2>80098</pop2>
		</entity>
		<entity region="waf">
			<name>Sierra Leone</name>
			<capital>Freetown</capital>
			<area>71740</area>
			<pop1>5426618</pop1>
			<pop2>5614743</pop2>
		</entity>
		<entity region="sea">
			<name>Singapore</name>
			<capital>Singapore</capital>
			<area>692.7</area>
			<pop1>4300419</pop1>
			<pop2>4452732</pop2>
		</entity>
		<entity region="ee">
			<name>Slovakia</name>
			<capital>Bratislava</capital>
			<area>48845</area>
			<pop1>5414937</pop1>
			<pop2>5422366</pop2>
		</entity>
		<entity region="se">
			<name>Slovenia</name>
			<capital>Ljubljana</capital>
			<area>20273</area>
			<pop1>1930132</pop1>
			<pop2>1932917</pop2>
		</entity>
		<entity region="meo">
			<name>Solomon Islands</name>
			<capital>Honiara</capital>
			<area>28450</area>
			<pop1>480442</pop1>
			<pop2>494786</pop2>
		</entity>
		<entity region="eaf">
			<name>Somalia</name>
			<capital>Mogadishu</capital>
			<area>637657</area>
			<pop1>7488773</pop1>
			<pop2>7753310</pop2>
		</entity>
		<entity region="saf">
			<name>South Africa</name>
			<capital>Pretoria &#178;</capital>
			<area>1219912</area>
			<pop1>43586097</pop1>
			<pop2>43647658</pop2>
		</entity>
		<entity region="se">
			<name>Spain</name>
			<capital>Madrid</capital>
			<area>504782</area>
			<pop1>40037995</pop1>
			<pop2>40077100</pop2>
		</entity>
		<entity region="sca">
			<name>Sri Lanka</name>
			<capital>Colombo</capital>
			<area>65610</area>
			<pop1>19408635</pop1>
			<pop2>19576783</pop2>
		</entity>
		<entity region="naf">
			<name>Sudan</name>
			<capital>Khartoum</capital>
			<area>2505810</area>
			<pop1>36080373</pop1>
			<pop2>37090298</pop2>
		</entity>
		<entity region="sam">
			<name>Suriname</name>
			<capital>Paramaribo</capital>
			<area>163270</area>
			<pop1>433998</pop1>
			<pop2>436494</pop2>
		</entity>
		<entity region="ne">
			<name>Svalbard</name>
			<capital>Longyearbyen</capital>
			<area>62049</area>
			<pop1>2332</pop1>
			<pop2>2868</pop2>
		</entity>
		<entity region="saf">
			<name>Swaziland</name>
			<capital>Mbabane &#179;</capital>
			<area>17363</area>
			<pop1>1104343</pop1>
			<pop2>1123605</pop2>
		</entity>
		<entity region="ne">
			<name>Sweden</name>
			<capital>Stockholm</capital>
			<area>449964</area>
			<pop1>8875053</pop1>
			<pop2>8876744</pop2>
		</entity>
		<entity region="we">
			<name>Switzerland</name>
			<capital>Bern</capital>
			<area>41290</area>
			<pop1>7283274</pop1>
			<pop2>7301994</pop2>
		</entity>
		<entity region="wa">
			<name>Syria</name>
			<capital>Damascus</capital>
			<area>185180</area>
			<pop1>16728808</pop1>
			<pop2>17155814</pop2>
		</entity>
		<entity region="ea">
			<name>Taiwan</name>
			<capital>Taipei</capital>
			<area>35980</area>
			<pop1>22370461</pop1>
			<pop2>22548009</pop2>
		</entity>
		<entity region="sca">
			<name>Tajikistan</name>
			<capital>Dushanbe</capital>
			<area>143100</area>
			<pop1>6578681</pop1>
			<pop2>6719567</pop2>
		</entity>
		<entity region="eaf">
			<name>Tanzania</name>
			<capital>Dar es Salaam</capital>
			<area>945087</area>
			<pop1>36232074</pop1>
			<pop2>37187939</pop2>
		</entity>
		<entity region="sea">
			<name>Thailand</name>
			<capital>Bangkok</capital>
			<area>514000</area>
			<pop1>61797751</pop1>
			<pop2>62354402</pop2>
		</entity>
		<entity region="waf">
			<name>Togo</name>
			<capital>Lome</capital>
			<area>56785</area>
			<pop1>5153088</pop1>
			<pop2>5285501</pop2>
		</entity>
		<entity region="po">
			<name>Tokelau</name>
			<capital>none</capital>
			<area>10</area>
			<pop1>1445</pop1>
			<pop2>1431</pop2>
		</entity>
		<entity region="po">
			<name>Tonga</name>
			<capital>Nuku&apos;alofa</capital>
			<area>748</area>
			<pop1>104227</pop1>
			<pop2>106137</pop2>
		</entity>
		<entity region="car">
			<name>Trinidad and Tobago</name>
			<capital>Port-of-Spain</capital>
			<area>5128</area>
			<pop1>1169682</pop1>
			<pop2>1163724</pop2>
		</entity>
		<entity region="naf">
			<name>Tunisia</name>
			<capital>Tunis</capital>
			<area>163610</area>
			<pop1>9705102</pop1>
			<pop2>9815644</pop2>
		</entity>
		<entity region="wa">
			<name>Turkey</name>
			<capital>Ankara</capital>
			<area>780580</area>
			<pop1>66493970</pop1>
			<pop2>67308928</pop2>
		</entity>
		<entity region="sca">
			<name>Turkmenistan</name>
			<capital>Ashgabat</capital>
			<area>488100</area>
			<pop1>4603244</pop1>
			<pop2>4688963</pop2>
		</entity>
		<entity region="car">
			<name>Turks and Caicos Islands</name>
			<capital>Cockburn Town</capital>
			<area>430</area>
			<pop1>18122</pop1>
			<pop2>18738</pop2>
		</entity>
		<entity region="po">
			<name>Tuvalu</name>
			<capital>Fongafale</capital>
			<area>26</area>
			<pop1>10991</pop1>
			<pop2>11146</pop2>
		</entity>
		<entity region="eaf">
			<name>Uganda</name>
			<capital>Kampala</capital>
			<area>236040</area>
			<pop1>23985712</pop1>
			<pop2>24699073</pop2>
		</entity>
		<entity region="ee">
			<name>Ukraine</name>
			<capital>Kiev</capital>
			<area>603700</area>
			<pop1>48760474</pop1>
			<pop2>48396470</pop2>
		</entity>
		<entity region="wa">
			<name>United Arab Emirates</name>
			<capital>Abu Dhabi</capital>
			<area>82880</area>
			<pop1>2407460</pop1>
			<pop2>2445989</pop2>
		</entity>
		<entity region="ne">
			<name>United Kingdom</name>
			<capital>London</capital>
			<area>244820</area>
			<pop1>59647790</pop1>
			<pop2>59778002</pop2>
		</entity>
		<entity region="nam">
			<name>United States</name>
			<capital>Washington DC</capital>
			<area>9629091</area>
			<pop1>278058881</pop1>
			<pop2>280562489</pop2>
		</entity>
		<entity region="sam">
			<name>Uruguay</name>
			<capital>Montevideo</capital>
			<area>176220</area>
			<pop1>3360105</pop1>
			<pop2>3386575</pop2>
		</entity>
		<entity region="sca">
			<name>Uzbekistan</name>
			<capital>Tashkent</capital>
			<area>447400</area>
			<pop1>25155064</pop1>
			<pop2>25563441</pop2>
		</entity>
		<entity region="meo">
			<name>Vanuatu</name>
			<capital>Port-Vila</capital>
			<area>12200</area>
			<pop1>192910</pop1>
			<pop2>196178</pop2>
		</entity>
		<entity region="sam">
			<name>Venezuela</name>
			<capital>Caracas</capital>
			<area>912050</area>
			<pop1>23916810</pop1>
			<pop2>24287670</pop2>
		</entity>
		<entity region="sea">
			<name>Vietnam</name>
			<capital>Hanoi</capital>
			<area>329560</area>
			<pop1>79939014</pop1>
			<pop2>81098416</pop2>
		</entity>
		<entity region="car">
			<name>Virgin Islands, U.S.</name>
			<capital>Charlotte Amalie</capital>
			<area>352</area>
			<pop1>122211</pop1>
			<pop2>123498</pop2>
		</entity>
		<entity region="po">
			<name>Wallis and Futuna</name>
			<capital>Mata-Utu</capital>
			<area>274</area>
			<pop1>15435</pop1>
			<pop2>15585</pop2>
		</entity>
		<entity region="naf">
			<name>Western Sahara</name>
			<capital>none</capital>
			<area>266000</area>
			<pop1>250559</pop1>
			<pop2>256177</pop2>
		</entity>
		<entity region="wa">
			<name>Yemen</name>
			<capital>Sanaa</capital>
			<area>527970</area>
			<pop1>18078035</pop1>
			<pop2>18701257</pop2>
		</entity>
		<entity region="se">
			<name>Yugoslavia</name>
			<capital>Belgrade</capital>
			<area>102350</area>
			<pop1>10677290</pop1>
			<pop2>10656929</pop2>
		</entity>
		<entity region="eaf">
			<name>Zambia</name>
			<capital>Lusaka</capital>
			<area>752614</area>
			<pop1>9770199</pop1>
			<pop2>9959037</pop2>
		</entity>
		<entity region="eaf">
			<name>Zimbabwe</name>
			<capital>Harare</capital>
			<area>390580</area>
			<pop1>11365366</pop1>
			<pop2>11376676</pop2>
		</entity>
		<total>
			<name>World</name>
			<area>510072000</area>
			<pop1>6157400560</pop1>
			<pop2>6233821945</pop2>
		</total>
	</main>
	<notes>
		<source>&quot;The World Factbook 2002&quot;, CIA.</source>
		<note> .1: due to a volcanic eruption in 1997 an interim government seat is established at Brades.</note>
		<note> .2: Pretoria is administrative capital; Cape Town is legislative capital; Bloemfontein is judicial capital.</note>
		<note> .3: Mbabane is administrative capital; Lobamba is the royal and legislative capital.</note>
		<note>Western Sahara is virtually annexed by Morocco. The Occupied Palestinian Territory (UN designation) is still under the rule of Israel.</note>
	</notes>
</content>
