<?xml version="1.0" encoding="UTF-8"?>
<!DOCTYPE ejb-jar PUBLIC '-//Sun Microsystems, Inc.//DTD Enterprise JavaBeans 2.0//EN' 'http://java.sun.com/dtd/ejb-jar_2_0.dtd'>


<!-- Generated XML! -->

<ejb-jar>
  <display-name>MusicJAR</display-name>
  <enterprise-beans>
    <session>
      <display-name>MusicPageBean</display-name>
      <ejb-name>MusicPageBean</ejb-name>
      <local-home>MusicPageLocalHome</local-home>
      <local>MusicPageLocal</local>
      <ejb-class>MusicPageBean</ejb-class>
      <session-type>Stateless</session-type>
      <transaction-type>Bean</transaction-type>
      <env-entry>
        <env-entry-name>MusicDAOClass</env-entry-name>
        <env-entry-type>java.lang.String</env-entry-type>
        <env-entry-value>MusicDAOCloudscape</env-entry-value>
      </env-entry>
      <security-identity>
        <use-caller-identity/>
      </security-identity>

      <resource-ref>
        <res-ref-name>jdbc/MusicDB</res-ref-name>
        <res-type>javax.sql.DataSource</res-type>
        <res-auth>Container</res-auth>
        <res-sharing-scope>Shareable</res-sharing-scope>
      </resource-ref>
    </session>
    <session>
      <display-name>MusicIteratorBean</display-name>
      <ejb-name>MusicIteratorBean</ejb-name>
      <home>MusicIteratorHome</home>
      <remote>MusicIterator</remote>
      <ejb-class>MusicIteratorBean</ejb-class>
      <session-type>Stateful</session-type>
      <transaction-type>Bean</transaction-type>
      <ejb-local-ref>
        <ejb-ref-name>ejb/MusicPage</ejb-ref-name>
        <ejb-ref-type>Session</ejb-ref-type>
        <local-home>MusicPageLocalHome</local-home>
        <local>MusicPageLocal</local>
        <ejb-link>MusicPageBean</ejb-link>
      </ejb-local-ref>
      <security-identity>
        <use-caller-identity/>
      </security-identity>

    </session>
  </enterprise-beans>

  <assembly-descriptor>
    <method-permission>
      <unchecked/>
      <method>
        <ejb-name>MusicPageBean</ejb-name>
        <method-intf>LocalHome</method-intf>
        <method-name>remove</method-name>
        <method-params>
          <method-param>java.lang.Object</method-param>
        </method-params>

      </method>
      <method>
        <ejb-name>MusicPageBean</ejb-name>
        <method-intf>Local</method-intf>
        <method-name>getEJBLocalHome</method-name>
        <method-params>
        </method-params>

      </method>
      <method>
        <ejb-name>MusicPageBean</ejb-name>
        <method-intf>Local</method-intf>
        <method-name>getSize</method-name>
        <method-params>
        </method-params>

      </method>
      <method>
        <ejb-name>MusicPageBean</ejb-name>
        <method-intf>Local</method-intf>
        <method-name>getPrimaryKey</method-name>
        <method-params>
        </method-params>

      </method>
      <method>
        <ejb-name>MusicPageBean</ejb-name>
        <method-intf>Local</method-intf>
        <method-name>remove</method-name>
        <method-params>
        </method-params>

      </method>
      <method>
        <ejb-name>MusicPageBean</ejb-name>
        <method-intf>LocalHome</method-intf>
        <method-name>create</method-name>
        <method-params>
        </method-params>

      </method>
      <method>
        <ejb-name>MusicPageBean</ejb-name>
        <method-intf>Local</method-intf>
        <method-name>getTrackList</method-name>
        <method-params>
          <method-param>RecordingVO</method-param>
        </method-params>

      </method>
      <method>
        <ejb-name>MusicPageBean</ejb-name>
        <method-intf>Local</method-intf>
        <method-name>isIdentical</method-name>
        <method-params>
          <method-param>javax.ejb.EJBLocalObject</method-param>
        </method-params>

      </method>
      <method>
        <ejb-name>MusicPageBean</ejb-name>
        <method-intf>Local</method-intf>
        <method-name>getPage</method-name>
        <method-params>
          <method-param>int</method-param>
          <method-param>int</method-param>
        </method-params>

      </method>
    </method-permission>
    <method-permission>
      <unchecked/>
      <method>
        <ejb-name>MusicIteratorBean</ejb-name>
        <method-intf>Remote</method-intf>
        <method-name>getPrimaryKey</method-name>
        <method-params>
        </method-params>

      </method>
      <method>
        <ejb-name>MusicIteratorBean</ejb-name>
        <method-intf>Home</method-intf>
        <method-name>getEJBMetaData</method-name>
        <method-params>
        </method-params>

      </method>
      <method>
        <ejb-name>MusicIteratorBean</ejb-name>
        <method-intf>Home</method-intf>
        <method-name>remove</method-name>
        <method-params>
          <method-param>java.lang.Object</method-param>
        </method-params>

      </method>
      <method>
        <ejb-name>MusicIteratorBean</ejb-name>
        <method-intf>Remote</method-intf>
        <method-name>getEJBHome</method-name>
        <method-params>
        </method-params>

      </method>
      <method>
        <ejb-name>MusicIteratorBean</ejb-name>
        <method-intf>Home</method-intf>
        <method-name>getHomeHandle</method-name>
        <method-params>
        </method-params>

      </method>
      <method>
        <ejb-name>MusicIteratorBean</ejb-name>
        <method-intf>Home</method-intf>
        <method-name>create</method-name>
        <method-params>
        </method-params>

      </method>
      <method>
        <ejb-name>MusicIteratorBean</ejb-name>
        <method-intf>Remote</method-intf>
        <method-name>getTrackList</method-name>
        <method-params>
          <method-param>RecordingVO</method-param>
        </method-params>

      </method>
      <method>
        <ejb-name>MusicIteratorBean</ejb-name>
        <method-intf>Remote</method-intf>
        <method-name>hasPreviousElements</method-name>
        <method-params>
        </method-params>

      </method>
      <method>
        <ejb-name>MusicIteratorBean</ejb-name>
        <method-intf>Remote</method-intf>
        <method-name>hasMoreElements</method-name>
        <method-params>
        </method-params>

      </method>
      <method>
        <ejb-name>MusicIteratorBean</ejb-name>
        <method-intf>Home</method-intf>
        <method-name>remove</method-name>
        <method-params>
          <method-param>javax.ejb.Handle</method-param>
        </method-params>

      </method>
      <method>
        <ejb-name>MusicIteratorBean</ejb-name>
        <method-intf>Remote</method-intf>
        <method-name>nextPage</method-name>
        <method-params>
        </method-params>

      </method>
      <method>
        <ejb-name>MusicIteratorBean</ejb-name>
        <method-intf>Remote</method-intf>
        <method-name>getHandle</method-name>
        <method-params>
        </method-params>

      </method>
      <method>
        <ejb-name>MusicIteratorBean</ejb-name>
        <method-intf>Remote</method-intf>
        <method-name>getPageSize</method-name>
        <method-params>
        </method-params>

      </method>
      <method>
        <ejb-name>MusicIteratorBean</ejb-name>
        <method-intf>Remote</method-intf>
        <method-name>resetIndex</method-name>
        <method-params>
        </method-params>

      </method>
      <method>
        <ejb-name>MusicIteratorBean</ejb-name>
        <method-intf>Remote</method-intf>
        <method-name>remove</method-name>
        <method-params>
        </method-params>

      </method>
      <method>
        <ejb-name>MusicIteratorBean</ejb-name>
        <method-intf>Remote</method-intf>
        <method-name>isIdentical</method-name>
        <method-params>
          <method-param>javax.ejb.EJBObject</method-param>
        </method-params>

      </method>
      <method>
        <ejb-name>MusicIteratorBean</ejb-name>
        <method-intf>Remote</method-intf>
        <method-name>getSize</method-name>
        <method-params>
        </method-params>

      </method>
      <method>
        <ejb-name>MusicIteratorBean</ejb-name>
        <method-intf>Remote</method-intf>
        <method-name>previousPage</method-name>
        <method-params>
        </method-params>

      </method>
      <method>
        <ejb-name>MusicIteratorBean</ejb-name>
        <method-intf>Remote</method-intf>
        <method-name>setPageSize</method-name>
        <method-params>
          <method-param>int</method-param>
        </method-params>

      </method>
    </method-permission>
  </assembly-descriptor>

</ejb-jar>
