<!DOCTYPE weblogic-ejb-jar PUBLIC '-//BEA Systems, Inc.//DTD WebLogic 7.0.0 EJB//EN' 'http://www.bea.com/servers/wls700/dtd/weblogic-ejb-jar.dtd'>


<!-- Generated XML! -->

<weblogic-ejb-jar>
  <weblogic-enterprise-bean>
    <ejb-name>MusicIteratorBean</ejb-name>
    <stateful-session-descriptor>
      <stateful-session-cache>
      </stateful-session-cache>

      <stateful-session-clustering>
      </stateful-session-clustering>

    </stateful-session-descriptor>

    <transaction-descriptor>
    </transaction-descriptor>

    <jndi-name>MusicIteratorBean</jndi-name>
  </weblogic-enterprise-bean>
  <weblogic-enterprise-bean>
    <ejb-name>MusicPageBean</ejb-name>
    <stateless-session-descriptor>
      <pool>
      </pool>

      <stateless-clustering>
      </stateless-clustering>

    </stateless-session-descriptor>

    <transaction-descriptor>
    </transaction-descriptor>

    <reference-descriptor>
      <resource-description>
        <res-ref-name>jdbc/MusicDB</res-ref-name>
        <jndi-name>ToBeDefined</jndi-name>
      </resource-description>
    </reference-descriptor>

    <local-jndi-name>MusicPageBean</local-jndi-name>
  </weblogic-enterprise-bean>
</weblogic-ejb-jar>
