<!DOCTYPE weblogic-web-app PUBLIC "-//BEA Systems, Inc.//DTD Web Application 7.0//EN" "http://www.bea.com/servers/wls700/dtd/weblogic700-web-jar.dtd">

<weblogic-web-app>

  <reference-descriptor>
    <ejb-reference-description>
      <ejb-ref-name>ejb/CustomerSession</ejb-ref-name>
      <jndi-name>ejb/CustomerSession</jndi-name>
    </ejb-reference-description>
    <ejb-reference-description>
      <ejb-ref-name>ejb/EJBMusic</ejb-ref-name>
      <jndi-name>ejb/EJBMusic</jndi-name>
    </ejb-reference-description>
    <ejb-reference-description>
      <ejb-ref-name>ejb/MyMusicCart</ejb-ref-name>
      <jndi-name>ejb/MyMusicCart</jndi-name>
    </ejb-reference-description>
  </reference-descriptor>





  <charset-params>
  </charset-params>


</weblogic-web-app>

