<?xml version="1.0" encoding="ISO-8859-1"?>

<referencias>

  <articulo>
    <titulo>Java para principiantes </titulo>
    <autor>David Gonzalez</autor>
    <tema>Programacion</tema>
    <anyo>1998</anyo>
  </articulo>

  <articulo>
    <titulo>Pascal para principiantes </titulo>
    <autor>David Gonzalez</autor>
    <tema>Programacion</tema>
    <anyo>1999</anyo>
  </articulo>

  <articulo>
    <titulo>Lisp para principiantes </titulo>
    <autor>Antonio Gonzalez</autor>
    <tema>Programacion</tema>
    <anyo>2000</anyo>
  </articulo>

  <libro>
    <titulo>Aprenda el uso de GCC </titulo>
    <autor>Carmen Gonzalez</autor>
    <tema>Compiladores</tema>
    <anyo>2000</anyo>
  </libro>

  <libro>
    <titulo>Aprenda el uso de Make </titulo>
    <autor>Ana Gonzalez</autor>
    <tema>Configuraciones</tema>
    <anyo>2000</anyo>
  </libro>

  <libro>
    <titulo>Aprenda el uso de DSSE</titulo>
    <autor>Silvia Gonzalez</autor>
    <tema>Configuraciones</tema>
    <anyo>2001</anyo>
  </libro>

</referencias>
