<?xml version="1.0" encoding="UTF-8"?>
<!DOCTYPE ejb-jar PUBLIC '-//Sun Microsystems, Inc.//DTD Enterprise JavaBeans 2.0//EN' 'http://java.sun.com/dtd/ejb-jar_2_0.dtd'>


<!-- Generated XML! -->

<ejb-jar>
  <display-name>SavingsAccountJAR</display-name>
  <enterprise-beans>
    <entity>
      <display-name>SavingsAccountEJB</display-name>
      <ejb-name>SavingsAccountEJB</ejb-name>
      <home>SavingsAccountHome</home>
      <remote>SavingsAccount</remote>
      <ejb-class>SavingsAccountBean</ejb-class>
      <persistence-type>Bean</persistence-type>
      <prim-key-class>java.lang.String</prim-key-class>
      <reentrant>False</reentrant>
      <security-identity>
        <use-caller-identity/>
      </security-identity>

      <resource-ref>
        <res-ref-name>jdbc/SavingsAccountDB</res-ref-name>
        <res-type>javax.sql.DataSource</res-type>
        <res-auth>Container</res-auth>
        <res-sharing-scope>Shareable</res-sharing-scope>
      </resource-ref>
    </entity>
  </enterprise-beans>

  <assembly-descriptor>
    <method-permission>
      <unchecked />
      <method>
        <ejb-name>SavingsAccountEJB</ejb-name>
        <method-name>*</method-name>
      </method>
    </method-permission>
    
    <container-transaction>
      <method>
        <ejb-name>SavingsAccountEJB</ejb-name>
	<method-name>*</method-name>
      </method>
    </container-transaction>

  </assembly-descriptor>

</ejb-jar>
