<?xml version="1.0" encoding="UTF-8"?>
<!DOCTYPE ejb-jar PUBLIC '-//Sun Microsystems, Inc.//DTD Enterprise JavaBeans 2.0//EN' 'http://java.sun.com/dtd/ejb-jar_2_0.dtd'>


<!-- Generated XML! -->

<ejb-jar>
  <display-name>CartJAR</display-name>
  <enterprise-beans>
    <session>
      <display-name>CartEJB</display-name>
      <ejb-name>CartEJB</ejb-name>
      <home>CartHome</home>
      <remote>Cart</remote>
      <ejb-class>CartBean</ejb-class>
      <session-type>Stateful</session-type>
      <transaction-type>Container</transaction-type>
      <env-entry>
        <description><![CDATA[Discount Level]]></description>
        <env-entry-name>DiscountLevel</env-entry-name>
        <env-entry-type>java.lang.Double</env-entry-type>
        <env-entry-value>300.0</env-entry-value>
      </env-entry>
      <env-entry>
        <description><![CDATA[Discount Percent]]></description>
        <env-entry-name>Discount Percent</env-entry-name>
        <env-entry-type>java.lang.Double</env-entry-type>
        <env-entry-value>0.15</env-entry-value>
      </env-entry>
      <env-entry>
        <env-entry-name>DiscountPercent</env-entry-name>
        <env-entry-type>java.lang.Double</env-entry-type>
        <env-entry-value>0.15</env-entry-value>
      </env-entry>
      <security-identity>
        <use-caller-identity/>
      </security-identity>

    </session>
  </enterprise-beans>

  <assembly-descriptor>
    <method-permission>
      <unchecked/>
      <method>
        <ejb-name>CartEJB</ejb-name>
        <method-intf>Remote</method-intf>
        <method-name>getContents</method-name>
        <method-params>
        </method-params>

      </method>
      <method>
        <ejb-name>CartEJB</ejb-name>
        <method-intf>Home</method-intf>
        <method-name>remove</method-name>
        <method-params>
          <method-param>java.lang.Object</method-param>
        </method-params>

      </method>
      <method>
        <ejb-name>CartEJB</ejb-name>
        <method-intf>Remote</method-intf>
        <method-name>removeBook</method-name>
        <method-params>
          <method-param>java.lang.String</method-param>
        </method-params>

      </method>
      <method>
        <ejb-name>CartEJB</ejb-name>
        <method-intf>Remote</method-intf>
        <method-name>addBook</method-name>
        <method-params>
          <method-param>java.lang.String</method-param>
        </method-params>

      </method>
      <method>
        <ejb-name>CartEJB</ejb-name>
        <method-intf>Remote</method-intf>
        <method-name>getHandle</method-name>
        <method-params>
        </method-params>

      </method>
      <method>
        <ejb-name>CartEJB</ejb-name>
        <method-intf>Home</method-intf>
        <method-name>remove</method-name>
        <method-params>
          <method-param>javax.ejb.Handle</method-param>
        </method-params>

      </method>
      <method>
        <ejb-name>CartEJB</ejb-name>
        <method-intf>Home</method-intf>
        <method-name>getHomeHandle</method-name>
        <method-params>
        </method-params>

      </method>
      <method>
        <ejb-name>CartEJB</ejb-name>
        <method-intf>Home</method-intf>
        <method-name>create</method-name>
        <method-params>
          <method-param>java.lang.String</method-param>
        </method-params>

      </method>
      <method>
        <ejb-name>CartEJB</ejb-name>
        <method-intf>Remote</method-intf>
        <method-name>getPrimaryKey</method-name>
        <method-params>
        </method-params>

      </method>
      <method>
        <ejb-name>CartEJB</ejb-name>
        <method-intf>Home</method-intf>
        <method-name>getEJBMetaData</method-name>
        <method-params>
        </method-params>

      </method>
      <method>
        <ejb-name>CartEJB</ejb-name>
        <method-intf>Remote</method-intf>
        <method-name>remove</method-name>
        <method-params>
        </method-params>

      </method>
      <method>
        <ejb-name>CartEJB</ejb-name>
        <method-intf>Home</method-intf>
        <method-name>create</method-name>
        <method-params>
          <method-param>java.lang.String</method-param>
          <method-param>java.lang.String</method-param>
        </method-params>

      </method>
      <method>
        <ejb-name>CartEJB</ejb-name>
        <method-intf>Remote</method-intf>
        <method-name>isIdentical</method-name>
        <method-params>
          <method-param>javax.ejb.EJBObject</method-param>
        </method-params>

      </method>
      <method>
        <ejb-name>CartEJB</ejb-name>
        <method-intf>Remote</method-intf>
        <method-name>getEJBHome</method-name>
        <method-params>
        </method-params>

      </method>
    </method-permission>
    <container-transaction>
      <method>
        <ejb-name>CartEJB</ejb-name>
        <method-intf>Remote</method-intf>
        <method-name>getContents</method-name>
        <method-params>
        </method-params>

      </method>
      <trans-attribute>Required</trans-attribute>
    </container-transaction>
    <container-transaction>
      <method>
        <ejb-name>CartEJB</ejb-name>
        <method-intf>Remote</method-intf>
        <method-name>addBook</method-name>
        <method-params>
          <method-param>java.lang.String</method-param>
        </method-params>

      </method>
      <trans-attribute>Required</trans-attribute>
    </container-transaction>
    <container-transaction>
      <method>
        <ejb-name>CartEJB</ejb-name>
        <method-intf>Remote</method-intf>
        <method-name>removeBook</method-name>
        <method-params>
          <method-param>java.lang.String</method-param>
        </method-params>

      </method>
      <trans-attribute>NotSupported</trans-attribute>
    </container-transaction>
  </assembly-descriptor>

</ejb-jar>
