<!DOCTYPE weblogic-rdbms-jar PUBLIC 
 '-//BEA Systems, Inc.//DTD WebLogic 7.0.0 EJB RDBMS Persistence//EN'
 'http://www.bea.com/servers/wls700/dtd/weblogic-rdbms20-persistence-700.dtd'>

<weblogic-rdbms-jar>
  <weblogic-rdbms-bean>
    <ejb-name>CustomerEJB</ejb-name>
    <data-source-name>examples-dataSource-demoPool</data-source-name>
    <table-map>
      <table-name>CUSTOMER</table-name>
      <field-map>
        <cmp-field>id</cmp-field>
        <dbms-column>ID</dbms-column>
      </field-map>
      <field-map>
        <cmp-field>lastName</cmp-field>
        <dbms-column>LAST_NAME</dbms-column>
      </field-map>
      <field-map>
        <cmp-field>firstName</cmp-field>
        <dbms-column>FIRST_NAME</dbms-column>
      </field-map>
      <field-map>
        <cmp-field>hasGoodCredit</cmp-field>
        <dbms-column>HAS_GOOD_CREDIT</dbms-column>
      </field-map>
    </table-map>
  </weblogic-rdbms-bean>
</weblogic-rdbms-jar>
